event_id,site,garage,station_id,fault_family,raw_states,start_utc,end_utc,duration_min,session_count,split_set,stable_capacity_kw_l1,lost_capacity_l0_kw_mean,lost_capacity_l1_kw_mean,lost_capacity_l1_kw_max,loss_fraction_l1_mean,loss_fraction_l1_max,active_at_onset_l1,actual_before_kw,actual_after_kw,pilot_before_kw,pilot_after_kw,state_loss_sync,precursor_5m,precursor_15m,precursor_30m
1,caltech,N_Wilson_Garage_01,2-137-440-2980,hard_disabled,DISABLED CHARGER,2020-01-06 06:31:00+00:00,2020-01-06 06:31:00+00:00,1,1,validation,7.68,7.2,7.68,7.68,0.2868277474668745,0.2868277474668745,True,3.269625,0.0,7.68,7.68,True,False,False,False
2,caltech,N_Wilson_Garage_01,2-137-440-2982,hard_disabled,DISABLED CHARGER,2020-02-04 06:04:00+00:00,2020-02-04 06:04:00+00:00,1,1,stress,7.68,7.2,7.68,7.68,0.3019312543223862,0.3019312543223862,True,0.0,0.0,7.68,7.68,True,False,False,False
3,caltech,N_Wilson_Garage_01,2-137-440-2982,hard_disabled,DISABLED CHARGER,2020-02-10 16:49:00+00:00,2020-02-10 16:52:00+00:00,4,1,stress,0.0,7.2,0.0,0.0,0.0,0.0,False,,0.0,,7.68,False,False,False,False
4,caltech,N_Wilson_Garage_01,2-137-440-2982,hard_disabled,DISABLED CHARGER,2020-02-10 19:01:00+00:00,2020-02-10 20:03:00+00:00,63,1,stress,0.0,7.199999999999999,0.0,0.0,0.0,0.0,False,,0.0,,7.68,False,False,False,False
5,caltech,N_Wilson_Garage_01,2-137-440-2986,hard_disabled,DISABLED CHARGER,2020-06-15 17:01:00+00:00,2020-06-15 17:01:00+00:00,1,1,test,0.0,7.2,0.0,0.0,0.0,0.0,False,,0.0,,7.268571428571429,False,False,False,False
6,caltech,N_Wilson_Garage_01,2-137-440-2988,hard_disabled,DISABLED CHARGER,2020-06-15 17:01:00+00:00,2020-06-15 17:01:00+00:00,1,1,test,0.0,7.2,0.0,0.0,0.0,0.0,False,,0.0,,1.92,False,False,False,False
7,caltech,N_Wilson_Garage_01,2-137-440-2989,hard_disabled,DISABLED CHARGER,2020-02-08 02:33:00+00:00,2020-02-08 02:33:00+00:00,1,1,stress,7.68,7.2,7.68,7.68,0.11727583871088261,0.11727583871088261,True,0.0,0.0,7.68,7.68,True,False,False,False
8,caltech,N_Wilson_Garage_01,2-137-440-2990,hard_disabled,DISABLED CHARGER,2020-02-07 23:41:00+00:00,2020-02-07 23:41:00+00:00,1,1,stress,7.68,7.2,7.68,7.68,0.04919365647605694,0.04919365647605694,True,0.0,0.0,7.68,7.68,True,False,False,False
9,caltech,N_Wilson_Garage_01,2-137-440-2990,hard_disabled,DISABLED CHARGER,2020-08-26 15:48:00+00:00,2020-08-26 15:48:00+00:00,1,1,test,0.0,7.2,0.0,0.0,0.0,0.0,False,,0.0,,7.68,False,False,False,False
10,caltech,N_Wilson_Garage_01,2-137-440-2991,hard_disabled,DISABLED CHARGER,2020-01-04 23:46:00+00:00,2020-01-04 23:46:00+00:00,1,1,validation,7.68,7.2,7.68,7.68,0.27250029237010537,0.27250029237010537,True,0.0,0.0,7.68,7.68,True,False,False,False
11,caltech,N_Wilson_Garage_01,2-137-440-2991,hard_disabled,DISABLED CHARGER,2020-01-30 01:17:00+00:00,2020-01-30 01:17:00+00:00,1,1,validation,7.68,7.2,7.68,7.68,0.05884877158756435,0.05884877158756435,True,0.0,0.0,7.68,7.68,True,False,False,False
12,caltech,N_Wilson_Garage_01,2-137-440-2991,hard_disabled,DISABLED CHARGER,2020-01-30 23:33:00+00:00,2020-01-30 23:39:00+00:00,7,1,validation,0.0,7.200000000000001,0.0,0.0,0.0,0.0,False,,0.0,,1.92,False,False,False,False
13,caltech,N_Wilson_Garage_01,2-137-440-2991,hard_disabled,DISABLED CHARGER,2020-06-15 17:01:00+00:00,2020-06-15 17:01:00+00:00,1,1,test,0.0,7.2,0.0,0.0,0.0,0.0,False,,0.0,,1.92,False,False,False,False
14,caltech,N_Wilson_Garage_01,2-137-441-2999,hard_disabled,DISABLED CHARGER,2020-01-11 01:30:00+00:00,2020-01-11 01:30:00+00:00,1,1,validation,7.68,7.2,7.68,7.68,0.079405650078662,0.079405650078662,True,6.385133333333333,0.0,7.68,7.68,True,False,False,False
15,caltech,N_Wilson_Garage_01,2-137-441-2999,hard_disabled,DISABLED CHARGER,2020-02-10 08:57:00+00:00,2020-02-10 08:57:00+00:00,1,1,stress,0.0,7.2,0.0,0.0,0.0,0.0,False,,0.0,,7.68,False,False,False,False
16,caltech,N_Wilson_Garage_01,2-137-441-2999,hard_disabled,DISABLED CHARGER,2020-02-10 09:04:00+00:00,2020-02-10 09:04:00+00:00,1,1,stress,0.0,7.2,0.0,0.0,0.0,0.0,False,0.0,0.0,7.68,7.68,False,False,True,True
17,caltech,N_Wilson_Garage_01,2-137-441-2999,hard_disabled,DISABLED CHARGER,2020-02-10 16:49:00+00:00,2020-02-10 16:52:00+00:00,4,1,stress,0.0,7.2,0.0,0.0,0.0,0.0,False,,0.0,,7.68,False,False,False,False
18,caltech,N_Wilson_Garage_01,2-137-441-2999,hard_disabled,DISABLED CHARGER,2020-02-10 19:01:00+00:00,2020-02-10 20:03:00+00:00,63,1,stress,0.0,7.199999999999999,0.0,0.0,0.0,0.0,False,,0.0,,7.68,False,False,False,False
19,caltech,N_Wilson_Garage_01,2-137-441-3001,hard_disabled,DISABLED CHARGER,2019-12-17 18:10:00+00:00,2019-12-17 18:11:00+00:00,3,2,stress,0.0,7.2,0.0,0.0,0.0,0.0,False,1.8923333333333332,0.0,7.68,7.68,False,False,False,False
20,caltech,N_Wilson_Garage_01,2-137-441-3002,hard_disabled,DISABLED CHARGER,2020-01-09 16:03:00+00:00,2020-01-09 16:04:00+00:00,3,2,validation,7.68,7.2,7.68,7.68,0.04614909990851748,0.04646677570617373,True,6.567666666666666,5.406444444444444,7.68,7.68,True,False,False,False
21,caltech,N_Wilson_Garage_01,2-137-441-3004,hard_disabled,DISABLED CHARGER,2019-12-27 20:22:00+00:00,2019-12-27 20:23:00+00:00,3,2,stress,7.68,7.2,7.050380952380952,7.68,0.08495750083030691,0.09359038968416847,True,6.500875,3.094120879120879,7.68,7.68,True,False,False,False
22,caltech,N_Wilson_Garage_01,2-137-441-3004,hard_disabled,DISABLED CHARGER,2020-01-19 05:36:00+00:00,2020-01-19 14:24:00+00:00,530,2,validation,7.68,7.200000000000002,7.680000000000001,7.68,0.3385238117435186,0.48484848484848486,True,0.0,0.0,7.68,7.68,True,False,False,False
23,caltech,N_Wilson_Garage_01,2-137-441-3004,hard_disabled,DISABLED CHARGER,2020-01-20 22:56:00+00:00,2020-01-20 22:56:00+00:00,1,1,validation,7.68,7.2,7.68,7.68,0.07856912353812713,0.07856912353812713,True,0.0,0.0,7.68,7.68,True,False,False,False
24,caltech,N_Wilson_Garage_01,2-137-441-3004,hard_disabled,DISABLED CHARGER,2020-02-02 01:08:00+00:00,2020-02-02 01:08:00+00:00,1,1,stress,7.68,7.2,7.68,7.68,0.2737059464398804,0.2737059464398804,True,0.0,0.0,7.68,7.68,True,False,False,False
25,caltech,N_Wilson_Garage_01,2-137-441-3005,hard_disabled,DISABLED CHARGER,2020-09-13 08:59:00+00:00,2020-09-13 08:59:00+00:00,1,1,test,7.68,7.2,7.68,7.68,0.10419397670858671,0.10419397670858671,True,3.3458862745098035,0.422,7.68,1.7454545454545456,True,False,False,False
26,caltech,N_Wilson_Garage_01,2-137-441-3007,hard_disabled,DISABLED CHARGER,2019-12-07 05:22:00+00:00,2019-12-07 05:22:00+00:00,1,1,stress,7.68,7.2,7.68,7.68,0.3333333333333333,0.3333333333333333,True,0.0,0.0,7.68,7.68,True,False,False,False
27,caltech,N_Wilson_Garage_01,2-137-441-3007,hard_disabled,DISABLED CHARGER,2020-01-10 04:20:00+00:00,2020-01-10 04:20:00+00:00,1,1,validation,7.68,7.2,7.68,7.68,0.09623969853840963,0.09623969853840963,True,0.0,0.0,7.68,7.68,True,False,False,False
28,caltech,N_Wilson_Garage_01,2-137-441-3007,hard_disabled,DISABLED CHARGER,2020-02-07 01:13:00+00:00,2020-02-07 01:13:00+00:00,1,1,stress,7.68,7.2,7.68,7.68,0.04466253654682222,0.04466253654682222,True,0.0,0.0,7.68,7.68,True,False,False,False
29,caltech,N_Wilson_Garage_01,2-137-441-3008,hard_disabled,DISABLED CHARGER,2020-01-12 23:06:00+00:00,2020-01-12 23:06:00+00:00,1,1,validation,7.68,7.2,7.68,7.68,0.10493326092305334,0.10493326092305334,True,6.469533333333333,0.0,7.68,7.68,True,False,False,False
30,caltech,N_Wilson_Garage_01,2-137-441-3009,hard_disabled,DISABLED CHARGER,2019-12-05 00:39:00+00:00,2019-12-05 00:39:00+00:00,1,1,stress,7.68,7.2,7.68,7.68,0.05956280605642781,0.05956280605642781,True,0.0,0.0,7.68,7.68,True,False,False,False
31,caltech,N_Wilson_Garage_01,2-137-441-3009,hard_disabled,DISABLED CHARGER,2020-01-10 01:10:00+00:00,2020-01-10 01:10:00+00:00,1,1,validation,7.68,7.2,7.68,7.68,0.04916732843069395,0.04916732843069395,True,0.0,0.0,7.68,7.68,True,False,False,False
32,caltech,N_Wilson_Garage_01,2-137-441-3009,hard_disabled,DISABLED CHARGER,2020-01-17 02:41:00+00:00,2020-01-17 02:41:00+00:00,1,1,validation,7.68,7.2,7.68,7.68,0.07779148296236589,0.07779148296236589,True,0.0,0.0,7.68,7.68,True,False,False,False
33,caltech,N_Wilson_Garage_01,2-137-441-3009,hard_disabled,DISABLED CHARGER,2020-02-08 02:12:00+00:00,2020-02-08 02:12:00+00:00,1,1,stress,7.68,7.2,7.68,7.68,0.09200691466306553,0.09200691466306553,True,0.0,0.0,7.68,7.68,True,False,False,False
34,caltech,N_Wilson_Garage_01,2-137-441-3010,hard_disabled,DISABLED CHARGER,2019-12-20 20:25:00+00:00,2019-12-20 20:25:00+00:00,2,2,stress,0.0,7.2,0.0,0.0,0.0,0.0,False,,0.0,,7.68,False,False,False,False
35,caltech,N_Wilson_Garage_01,2-137-441-3010,hard_disabled,DISABLED CHARGER,2020-01-08 01:13:00+00:00,2020-01-08 01:13:00+00:00,1,1,validation,7.68,7.2,7.68,7.68,0.04907328969808207,0.04907328969808207,True,0.0,0.0,7.68,7.68,True,False,False,False
36,caltech,N_Wilson_Garage_01,2-137-441-3010,hard_disabled,DISABLED CHARGER,2020-02-07 03:18:00+00:00,2020-02-07 03:18:00+00:00,1,1,stress,7.68,7.2,7.68,7.68,0.10391594854878357,0.10391594854878357,True,0.0,0.0,7.68,7.68,True,False,False,False
37,caltech,N_Wilson_Garage_01,2-137-441-3011,hard_disabled,DISABLED CHARGER,2019-12-21 01:03:00+00:00,2019-12-21 01:03:00+00:00,1,1,stress,7.68,7.2,7.68,7.68,0.09882307743455998,0.09882307743455998,True,0.0,0.0,7.68,7.68,True,False,False,False
38,caltech,N_Wilson_Garage_01,2-137-441-3011,hard_disabled,DISABLED CHARGER,2020-01-13 06:57:00+00:00,2020-01-13 06:57:00+00:00,1,1,validation,7.68,7.2,7.68,7.68,0.41025641025641024,0.41025641025641024,True,0.0,0.0,7.68,7.68,True,False,False,False
39,caltech,N_Wilson_Garage_01,2-137-441-3011,hard_disabled,DISABLED CHARGER,2020-06-15 17:01:00+00:00,2020-06-15 17:01:00+00:00,1,1,test,0.0,7.2,0.0,0.0,0.0,0.0,False,,2.372875,,6.24,False,False,False,False
40,caltech,N_Wilson_Garage_01,2-137-441-3012,hard_disabled,DISABLED CHARGER,2020-01-24 19:29:00+00:00,2020-01-24 19:30:00+00:00,3,2,validation,0.0,7.2,0.0,0.0,0.0,0.0,False,,0.0,,7.68,False,False,False,False
41,caltech,N_Wilson_Garage_01,2-137-441-3013,hard_disabled,DISABLED CHARGER,2020-02-04 22:20:00+00:00,2020-02-04 22:21:00+00:00,3,2,stress,0.0,7.2,0.0,0.0,0.0,0.0,False,,0.0,,7.68,False,False,False,False
42,caltech,N_Wilson_Garage_01,2-137-441-3014,hard_disabled,DISABLED CHARGER,2019-12-17 14:59:00+00:00,2019-12-17 14:59:00+00:00,2,2,stress,0.0,7.2,0.0,0.0,0.0,0.0,False,,0.0,,7.68,False,False,False,False
43,caltech,N_Wilson_Garage_01,2-137-441-3014,hard_disabled,DISABLED CHARGER,2019-12-28 05:06:00+00:00,2019-12-28 21:35:00+00:00,989,2,stress,7.68,7.200000000000001,7.680000000000002,7.68,0.5739570476220098,1.0,True,0.0,0.0,7.68,7.68,True,False,False,False
44,caltech,N_Wilson_Garage_01,2-137-441-3014,hard_disabled,DISABLED CHARGER,2020-01-19 04:13:00+00:00,2020-01-19 04:13:00+00:00,2,2,validation,0.0,7.2,0.0,0.0,0.0,0.0,False,,0.0,,7.68,False,False,False,False
45,caltech,N_Wilson_Garage_01,2-137-441-3016,hard_disabled,DISABLED CHARGER,2020-01-25 01:59:00+00:00,2020-01-25 01:59:00+00:00,1,1,validation,7.68,7.2,7.68,7.68,0.1341036031267774,0.1341036031267774,True,0.0,0.0,7.68,7.68,True,False,False,False
46,caltech,N_Wilson_Garage_01,2-137-441-3016,hard_disabled,DISABLED CHARGER,2020-02-02 00:10:00+00:00,2020-02-02 00:10:00+00:00,1,1,stress,7.68,7.2,7.68,7.68,0.18656816731174122,0.18656816731174122,True,0.0,0.0,7.68,7.68,True,False,False,False
47,caltech,N_Wilson_Garage_01,2-137-441-3017,hard_disabled,DISABLED CHARGER,2020-01-24 01:24:00+00:00,2020-01-24 01:24:00+00:00,1,1,validation,7.68,7.2,7.68,7.68,0.07808537834301461,0.07808537834301461,True,0.0,0.0,7.68,7.68,True,False,False,False
48,caltech,N_Wilson_Garage_01,2-137-441-3017,hard_disabled,DISABLED CHARGER,2020-01-31 21:03:00+00:00,2020-01-31 21:03:00+00:00,1,1,validation,7.68,7.2,7.68,7.68,0.03193050580317974,0.03193050580317974,True,0.0,0.0,7.68,7.68,True,False,False,False
49,caltech,N_Wilson_Garage_01,2-137-441-3018,hard_disabled,DISABLED CHARGER,2019-12-17 01:05:00+00:00,2019-12-17 01:05:00+00:00,1,1,stress,7.68,7.2,7.68,7.68,0.05329714798684252,0.05329714798684252,True,0.0,0.0,7.68,7.68,True,False,False,False
50,caltech,N_Wilson_Garage_01,2-137-441-3018,hard_disabled,DISABLED CHARGER,2020-01-17 01:08:00+00:00,2020-01-17 01:08:00+00:00,1,1,validation,7.68,7.2,7.68,7.68,0.05116927758602882,0.05116927758602882,True,0.0,0.0,7.68,7.68,True,False,False,False
51,caltech,N_Wilson_Garage_01,2-137-441-3019,hard_disabled,DISABLED CHARGER,2019-12-10 17:39:00+00:00,2019-12-10 17:41:00+00:00,5,3,stress,0.0,7.2,0.0,0.0,0.0,0.0,False,,0.0,,7.68,False,False,False,False
52,caltech,N_Wilson_Garage_01,2-137-441-3020,hard_disabled,DISABLED CHARGER,2019-12-11 03:37:00+00:00,2019-12-11 03:37:00+00:00,1,1,stress,7.68,7.2,7.68,7.68,0.12644213178273134,0.12644213178273134,True,0.0,0.0,7.68,7.68,True,False,False,False
53,caltech,N_Wilson_Garage_01,2-137-441-3023,hard_disabled,DISABLED CHARGER,2019-12-10 17:26:00+00:00,2019-12-10 17:26:00+00:00,1,1,stress,7.68,7.2,7.68,7.68,0.05875601389091047,0.05875601389091047,True,1.6434666666666664,0.0,7.68,7.68,True,False,False,False
54,caltech,N_Wilson_Garage_01,2-137-441-3023,hard_disabled,DISABLED CHARGER,2019-12-11 20:33:00+00:00,2019-12-11 20:33:00+00:00,1,1,stress,7.68,7.2,7.68,7.68,0.030549883841070227,0.030549883841070227,True,0.0,0.0,7.68,7.68,True,False,False,False
55,caltech,N_Wilson_Garage_01,2-137-441-3023,hard_disabled,DISABLED CHARGER,2019-12-12 17:42:00+00:00,2019-12-12 17:42:00+00:00,1,1,stress,7.68,7.2,7.68,7.68,0.023245948193397207,0.023245948193397207,True,0.42393333333333333,0.0,7.68,7.68,True,False,False,False
56,caltech,N_Wilson_Garage_01,2-137-441-3023,hard_disabled,DISABLED CHARGER,2020-02-03 19:52:00+00:00,2020-02-03 19:53:00+00:00,2,1,stress,0.0,7.2,0.0,0.0,0.0,0.0,False,0.0,0.0,7.04,1.92,False,False,False,False
57,caltech,N_Wilson_Garage_01,2-137-441-3023,hard_disabled,DISABLED CHARGER,2020-02-05 02:22:00+00:00,2020-02-05 02:22:00+00:00,1,1,stress,7.68,7.2,7.68,7.68,0.07010294899887119,0.07010294899887119,True,0.0,0.0,7.68,7.68,True,False,False,False
58,caltech,N_Wilson_Garage_01,2-137-441-3023,hard_disabled,DISABLED CHARGER,2020-06-15 17:01:00+00:00,2020-06-15 17:01:00+00:00,1,1,test,0.0,7.2,0.0,0.0,0.0,0.0,False,,0.0,,0.96,False,False,False,False
59,caltech,California_Garage_01,2-39-125-21,pilot_violation,PILOT VIOLATION,2018-06-08 18:59:00+00:00,2018-06-08 23:55:00+00:00,297,1,train,1.6229666666666667,7.200000000000002,0.0,0.0,0.0,0.0,True,1.6229666666666667,2.700875,,,False,False,False,False
60,caltech,California_Garage_01,2-39-125-559,hard_disabled,DISABLED CHARGER,2018-10-25 16:46:00+00:00,2018-10-25 16:46:00+00:00,1,1,train,6.669499999999999,7.2,5.8856111111111105,5.8856111111111105,0.029301080425917614,0.029301080425917614,True,6.669499999999999,0.000875,,,True,False,False,False
61,caltech,California_Garage_01,2-39-126-20,pilot_violation,PILOT VIOLATION,2018-08-01 00:26:00+00:00,2018-08-01 01:36:00+00:00,71,1,train,0.0,7.2,0.0,0.0,0.0,0.0,False,3.1146,6.750875,,,False,False,False,False
62,caltech,California_Garage_01,2-39-128-18,pilot_violation,PILOT VIOLATION,2018-08-09 15:54:00+00:00,2018-08-09 17:03:00+00:00,70,1,train,6.181307692307692,7.2,0.28674270994632706,4.429745192307692,0.004385507617787229,0.06557457976765867,True,6.181307692307692,6.132529411764706,,,False,False,False,False
63,caltech,California_Garage_01,2-39-130-31,pilot_violation,DISABLED PILOT VIOLATION,2018-11-13 18:32:00+00:00,2018-11-14 01:27:00+00:00,416,1,train,3.09,7.200000000000002,3.089612839366516,3.09,0.02932146982139184,0.039373846429432556,True,2.6387647058823527,0.0,3.09,1.92,True,False,False,False
64,caltech,California_Garage_01,2-39-130-31,pilot_violation,DISABLED PILOT VIOLATION,2018-11-14 01:30:00+00:00,2018-11-14 01:38:00+00:00,9,1,train,0.0,7.199999999999999,0.0,0.0,0.0,0.0,False,0.0,1.2648571428571427,2.16,2.16,False,True,True,True
65,caltech,California_Garage_01,2-39-79-377,pilot_violation,PILOT VIOLATION,2018-07-23 16:48:00+00:00,2018-07-23 19:08:00+00:00,141,1,train,2.211,7.200000000000003,0.008130542890915218,0.9985333333333333,0.00014386261343722864,0.018258109323928146,True,2.211,2.2460625,,,False,False,False,False
66,caltech,California_Garage_01,2-39-79-377,pilot_violation,PILOT VIOLATION,2018-07-23 19:43:00+00:00,2018-07-23 20:18:00+00:00,36,1,train,2.2354666666666665,7.199999999999999,0.05601891534391534,2.0166809523809524,0.0010913463173512071,0.03928846742464346,True,2.2354666666666665,2.8688421052631576,,,False,False,False,False
67,caltech,California_Garage_01,2-39-79-381,hard_disabled,DISABLED CHARGER,2018-11-14 16:34:00+00:00,2018-11-14 16:38:00+00:00,7,4,train,0.0,7.200000000000001,0.0,0.0,0.0,0.0,False,0.0,0.0,1.92,1.92,False,True,True,True
68,caltech,California_Garage_01,2-39-79-381,hard_disabled,DISABLED CHARGER,2018-11-14 17:22:00+00:00,2018-11-14 17:28:00+00:00,7,1,train,0.0,7.200000000000001,0.0,0.0,0.0,0.0,False,,0.0,,1.92,False,False,False,False
69,caltech,California_Garage_01,2-39-79-381,pilot_violation,DISABLED PILOT VIOLATION,2018-11-14 16:24:00+00:00,2018-11-14 16:33:00+00:00,10,1,train,0.0,7.2,0.0,0.0,0.0,0.0,False,0.6255,0.0,1.92,1.92,False,False,False,False
70,caltech,California_Garage_01,2-39-79-382,pilot_violation,DISABLED PILOT VIOLATION,2018-11-14 16:16:00+00:00,2018-11-14 16:21:00+00:00,5,2,train,0.0,7.2,0.0,0.0,0.0,0.0,False,1.5087499999999998,0.0,1.92,1.92,False,False,False,False
71,caltech,California_Garage_01,2-39-79-383,pilot_violation,PILOT VIOLATION,2018-08-15 22:41:00+00:00,2018-08-15 22:54:00+00:00,14,1,train,4.462692307692308,7.200000000000001,0.3016179487179487,3.4416256410256407,0.011865762911194599,0.13116844683149567,True,4.462692307692308,4.588533333333333,,,False,False,False,False
72,caltech,California_Garage_01,2-39-79-383,pilot_violation,DISABLED PILOT VIOLATION,2019-11-19 17:41:00+00:00,2019-11-19 18:03:00+00:00,23,1,validation,6.683333333333333,7.1999999999999975,0.4471433295782078,6.680666666666666,0.0016762013914182906,0.02499349017803349,True,6.683333333333333,6.6182,1.92,1.92,False,False,False,False
73,caltech,California_Garage_01,2-39-88-438,hard_disabled,DISABLED CHARGER,2018-10-25 15:49:00+00:00,2018-10-25 15:49:00+00:00,1,1,train,6.65375,7.2,3.7306874999999997,3.7306874999999997,0.01787678835473889,0.01787678835473889,True,6.6480625,1.6041333333333332,,,True,False,False,False
74,caltech,California_Garage_01,2-39-88-438,pilot_violation,PILOT VIOLATION,2018-06-25 20:04:00+00:00,2018-06-25 20:45:00+00:00,42,1,train,2.4965714285714284,7.199999999999999,0.0791780045351474,2.483638095238095,0.0017988691345611056,0.05469938763605127,True,2.4965714285714284,2.5313333333333334,,,False,False,False,False
75,caltech,California_Garage_01,2-39-90-26,pilot_violation,PILOT VIOLATION,2018-07-24 04:03:00+00:00,2018-07-24 04:16:00+00:00,14,1,train,6.618882352941177,7.200000000000001,0.4725451680672269,6.6156323529411765,0.01519889195077072,0.21278448731079008,True,6.618882352941177,6.6621875,,,False,False,False,False
76,caltech,California_Garage_01,2-39-92-436,pilot_violation,DISABLED PILOT VIOLATION,2018-11-27 18:31:00+00:00,2018-11-27 18:32:00+00:00,2,1,train,1.92,7.2,0.0,0.0,0.0,0.0,True,1.6541875,1.2055384615384614,1.92,1.92,False,False,False,False
77,caltech,California_Garage_01,2-39-95-27,pilot_violation,DISABLED PILOT VIOLATION,2018-11-16 16:36:00+00:00,2018-11-16 16:37:00+00:00,2,1,train,0.0,7.2,0.0,0.0,0.0,0.0,False,0.6961666666666666,0.661625,1.92,1.44,False,False,False,False
78,caltech,California_Garage_02,2-6-3-1623,hard_disabled,DISABLED CHARGER,2019-03-25 01:54:00+00:00,2019-03-25 01:54:00+00:00,1,1,train,0.0,7.2,0.0,0.0,0.0,0.0,False,,0.0,,0.0,False,False,False,False
79,caltech,California_Garage_02,2-6-3-1623,hard_disabled,DISABLED CHARGER,2019-03-27 21:17:00+00:00,2019-03-27 21:20:00+00:00,4,1,train,0.0,7.2,0.0,0.0,0.0,0.0,False,0.0,0.0,0.0,6.48,False,False,False,False
80,caltech,California_Garage_02,2-6-3-1623,hard_disabled,DISABLED CHARGER,2019-03-28 03:05:00+00:00,2019-03-28 03:06:00+00:00,2,1,train,9.0,7.2,9.0,9.0,0.2136752136752137,0.2136752136752137,True,8.0641,0.0,9.0,16.000000000000004,True,True,True,True
81,caltech,California_Garage_02,2-6-3-1623,hard_disabled,DISABLED CHARGER,2019-03-28 03:18:00+00:00,2019-03-28 03:19:00+00:00,2,1,train,16.000000000000004,7.2,16.000000000000004,16.000000000000004,0.33898305084745767,0.33898305084745767,True,0.0,0.0,15.36,15.36,True,True,True,True
82,caltech,California_Garage_02,2-6-3-1623,hard_disabled,DISABLED CHARGER,2019-03-28 03:46:00+00:00,2019-03-28 03:48:00+00:00,2,1,train,1.92,7.2,1.92,1.92,0.08510638297872339,0.08510638297872339,True,0.0,0.0,1.92,15.264,True,False,False,True
83,caltech,California_Garage_02,2-6-3-1623,hard_disabled,DISABLED CHARGER,2019-03-29 14:46:00+00:00,2019-03-29 14:48:00+00:00,3,1,train,0.0,7.2,0.0,0.0,0.0,0.0,False,,0.0,,15.48,False,False,False,False
84,caltech,California_Garage_02,2-6-3-1623,hard_disabled,DISABLED CHARGER,2019-03-29 21:32:00+00:00,2019-03-29 21:36:00+00:00,5,1,train,0.0,7.2,0.0,0.0,0.0,0.0,False,0.0,0.0,0.0,0.0,False,False,False,False
85,caltech,California_Garage_02,2-6-3-1623,hard_disabled,DISABLED CHARGER,2019-03-29 21:39:00+00:00,2019-03-29 21:40:00+00:00,2,1,train,0.0,7.2,0.0,0.0,0.0,0.0,False,0.0,0.0,0.0,0.0,False,True,True,True
86,caltech,California_Garage_02,2-6-3-1623,hard_disabled,DISABLED CHARGER,2019-03-29 21:44:00+00:00,2019-03-29 21:45:00+00:00,2,1,train,0.0,7.2,0.0,0.0,0.0,0.0,False,0.0,0.0,0.0,0.0,False,True,True,True
87,caltech,California_Garage_02,2-6-3-1623,hard_disabled,DISABLED CHARGER,2019-04-02 21:16:00+00:00,2019-04-02 23:27:00+00:00,132,1,train,17.64,7.200000000000001,17.640000000000004,17.64,0.14022888667267497,0.16731765185817724,True,16.23633625,0.0,17.64,0.0,True,False,False,False
88,caltech,California_Garage_02,2-6-3-1623,hard_disabled,DISABLED CHARGER,2019-04-02 23:32:00+00:00,2019-04-02 23:35:00+00:00,4,1,train,0.0,7.2,0.0,0.0,0.0,0.0,False,0.0,0.0,0.0,0.0,False,True,True,True
89,caltech,California_Garage_02,2-6-3-1623,hard_disabled,DISABLED CHARGER,2019-04-02 23:51:00+00:00,2019-04-02 23:56:00+00:00,4,1,train,0.0,7.2,0.0,0.0,0.0,0.0,False,,0.0,,0.0,False,False,False,True
90,caltech,California_Garage_02,2-6-3-1623,hard_disabled,DISABLED CHARGER,2019-04-03 00:01:00+00:00,2019-04-03 00:36:00+00:00,35,1,train,0.0,7.199999999999999,0.0,0.0,0.0,0.0,False,0.0,0.0,0.0,0.0,False,True,True,True
91,caltech,California_Garage_02,2-6-3-1623,hard_disabled,DISABLED CHARGER,2019-04-03 00:39:00+00:00,2019-04-03 00:53:00+00:00,13,1,train,0.0,7.200000000000001,0.0,0.0,0.0,0.0,False,0.0,0.0,0.0,0.0,False,True,True,True
92,caltech,California_Garage_02,2-6-3-1623,hard_disabled,DISABLED CHARGER,2019-04-09 18:25:00+00:00,2019-04-09 21:32:00+00:00,188,1,train,10.08,7.200000000000002,10.08,10.08,0.05497349770553139,0.06665836528450574,True,7.4795799999999995,0.0,10.08,0.0,True,False,True,True
93,caltech,California_Garage_02,2-6-3-1623,hard_disabled,DISABLED CHARGER,2019-04-20 10:29:00+00:00,2019-04-20 10:30:00+00:00,2,1,train,0.0,7.2,0.0,0.0,0.0,0.0,False,0.0,0.0,0.0,0.0,False,False,False,False
94,caltech,California_Garage_02,2-6-3-1623,hard_disabled,DISABLED CHARGER,2019-06-02 00:51:00+00:00,2019-06-02 00:51:00+00:00,1,1,train,7.92,7.2,7.92,7.92,0.1636788776305534,0.1636788776305534,True,6.062288571428572,1.56481,6.651428571428571,1.92,True,False,True,True
95,caltech,California_Garage_02,2-6-3-1623,hard_disabled,DISABLED CHARGER,2019-10-06 23:47:00+00:00,2019-10-06 23:47:00+00:00,1,1,validation,0.0,7.2,0.0,0.0,0.0,0.0,False,0.0,15.262531173913041,0.0,18.72,False,False,False,False
96,caltech,California_Garage_02,2-6-3-1623,hard_disabled,DISABLED CHARGER,2019-12-25 20:58:00+00:00,2019-12-25 20:58:00+00:00,1,1,stress,0.0,7.2,0.0,0.0,0.0,0.0,False,0.0,15.10973233076923,0.0,18.991304347826087,False,False,False,False
97,caltech,California_Garage_02,2-6-3-1623,pilot_violation,DISABLED PILOT VIOLATION,2019-03-31 02:18:00+00:00,2019-03-31 02:19:00+00:00,2,1,train,0.0,7.2,0.0,0.0,0.0,0.0,False,6.145312499999999,1.29853125,7.08,0.0,False,False,False,False
98,caltech,California_Garage_02,2-6-3-1624,hard_disabled,DISABLED CHARGER,2019-03-21 14:29:00+00:00,2019-03-21 14:29:00+00:00,1,1,train,0.0,7.2,0.0,0.0,0.0,0.0,False,,0.0,,1.2,False,False,False,False
99,caltech,California_Garage_02,2-6-3-1624,hard_disabled,DISABLED CHARGER,2019-03-22 00:48:00+00:00,2019-03-22 00:48:00+00:00,1,1,train,0.0,7.2,0.0,0.0,0.0,0.0,False,,0.0,,0.0,False,False,False,False
100,caltech,California_Garage_02,2-6-3-1624,hard_disabled,DISABLED CHARGER,2019-03-22 00:56:00+00:00,2019-03-22 00:58:00+00:00,3,1,train,0.0,7.2,0.0,0.0,0.0,0.0,False,0.0,0.0,0.0,18.96,False,False,True,True
101,caltech,California_Garage_02,2-6-3-1624,hard_disabled,DISABLED CHARGER,2019-03-22 02:56:00+00:00,2019-03-22 02:57:00+00:00,2,1,train,0.0,7.2,0.0,0.0,0.0,0.0,False,,0.0,,17.4,False,False,False,False
102,caltech,California_Garage_02,2-6-3-1624,hard_disabled,DISABLED CHARGER,2019-03-23 06:05:00+00:00,2019-03-23 06:05:00+00:00,1,1,train,0.0,7.2,0.0,0.0,0.0,0.0,False,,0.0,,1.92,False,False,False,False
103,caltech,California_Garage_02,2-6-3-1624,hard_disabled,DISABLED CHARGER,2019-03-24 21:09:00+00:00,2019-03-24 21:09:00+00:00,1,1,train,0.0,7.2,0.0,0.0,0.0,0.0,False,,0.0,,1.92,False,False,False,False
104,caltech,California_Garage_02,2-6-3-1624,hard_disabled,DISABLED CHARGER,2019-03-25 01:54:00+00:00,2019-03-25 01:54:00+00:00,1,1,train,0.0,7.2,0.0,0.0,0.0,0.0,False,,0.0,,-0.24,False,False,False,False
105,caltech,California_Garage_02,2-6-3-1624,hard_disabled,DISABLED CHARGER,2019-03-27 06:51:00+00:00,2019-03-27 06:51:00+00:00,1,1,train,0.0,7.2,0.0,0.0,0.0,0.0,False,,0.0,,1.92,False,False,False,False
106,caltech,California_Garage_02,2-6-3-1624,hard_disabled,DISABLED CHARGER,2019-03-27 21:32:00+00:00,2019-03-27 21:37:00+00:00,5,1,train,0.0,7.2,0.0,0.0,0.0,0.0,False,,0.0,,18.48,False,False,False,True
107,caltech,California_Garage_02,2-6-3-1624,hard_disabled,DISABLED CHARGER,2019-03-28 02:42:00+00:00,2019-03-28 02:42:00+00:00,1,1,train,0.0,7.2,0.0,0.0,0.0,0.0,False,,0.0,,18.96,False,False,False,False
108,caltech,California_Garage_02,2-6-3-1624,hard_disabled,DISABLED CHARGER,2019-03-28 03:23:00+00:00,2019-03-28 03:23:00+00:00,1,1,train,0.0,7.2,0.0,0.0,0.0,0.0,False,,0.0,,15.36,False,False,False,False
109,caltech,California_Garage_02,2-6-3-1624,hard_disabled,DISABLED CHARGER,2019-03-28 03:29:00+00:00,2019-03-28 03:29:00+00:00,1,1,train,0.0,7.2,0.0,0.0,0.0,0.0,False,0.0,0.0,15.36,19.2,False,False,True,True
110,caltech,California_Garage_02,2-6-3-1624,hard_disabled,DISABLED CHARGER,2019-03-28 03:46:00+00:00,2019-03-28 03:47:00+00:00,2,2,train,0.0,7.2,0.0,0.0,0.0,0.0,False,,0.0,,1.56,False,False,False,True
111,caltech,California_Garage_02,2-6-3-1624,hard_disabled,DISABLED CHARGER,2019-03-29 14:48:00+00:00,2019-03-29 14:48:00+00:00,1,1,train,0.0,7.2,0.0,0.0,0.0,0.0,False,,0.0,,5.88,False,False,False,False
112,caltech,California_Garage_02,2-6-3-1624,hard_disabled,DISABLED CHARGER,2019-04-02 17:19:00+00:00,2019-04-02 17:40:00+00:00,22,1,train,17.554285714285715,7.1999999999999975,17.55428571428571,17.554285714285715,0.07162784601092594,0.07737679473299124,True,15.903459999999999,0.0,17.554285714285715,0.0,True,False,False,False
113,caltech,California_Garage_02,2-6-3-1624,hard_disabled,DISABLED CHARGER,2019-04-02 17:47:00+00:00,2019-04-02 19:33:00+00:00,104,2,train,0.0,7.200000000000002,0.0,0.0,0.0,0.0,False,0.0,0.0,0.0,0.0,False,False,True,True
114,caltech,California_Garage_02,2-6-3-1624,hard_disabled,DISABLED CHARGER,2019-04-06 03:01:00+00:00,2019-04-06 05:27:00+00:00,147,1,train,6.786277777777777,7.200000000000002,6.786277777777778,6.786277777777777,0.3714038821189486,0.5209682991218605,True,6.786277777777777,0.0,6.1066666666666665,0.0,True,False,True,True
115,caltech,California_Garage_02,2-6-3-1624,hard_disabled,DISABLED CHARGER,2019-04-15 19:54:00+00:00,2019-04-15 22:01:00+00:00,126,1,train,0.0,7.200000000000004,0.0,0.0,0.0,0.0,False,0.0,0.0,0.0,0.0,False,True,True,True
116,caltech,California_Garage_02,2-6-3-1624,hard_disabled,DISABLED CHARGER,2019-04-15 23:00:00+00:00,2019-04-15 23:40:00+00:00,41,1,train,0.0,7.199999999999999,0.0,0.0,0.0,0.0,False,,0.0,,0.0,False,False,False,False
117,caltech,California_Garage_02,2-6-3-1624,hard_disabled,DISABLED CHARGER,2019-04-18 15:24:00+00:00,2019-04-18 17:28:00+00:00,122,1,train,0.0,7.200000000000003,0.0,0.0,0.0,0.0,False,,0.025731428571428572,,0.0,False,False,False,False
118,caltech,California_Garage_02,2-6-3-1624,hard_disabled,DISABLED CHARGER,2019-04-18 17:33:00+00:00,2019-04-18 23:21:00+00:00,348,1,train,0.0,7.200000000000002,0.0,0.0,0.0,0.0,False,0.0,0.0,0.0,0.0,False,True,True,True
119,caltech,California_Garage_02,2-6-3-1624,hard_disabled,DISABLED CHARGER,2019-04-18 23:24:00+00:00,2019-04-18 23:34:00+00:00,11,1,train,0.0,7.2,0.0,0.0,0.0,0.0,False,0.0,0.0,0.0,0.0,False,True,True,True
120,caltech,California_Garage_02,2-6-3-1624,hard_disabled,DISABLED CHARGER,2019-04-19 16:08:00+00:00,2019-04-19 16:08:00+00:00,1,1,train,0.0,7.2,0.0,0.0,0.0,0.0,False,0.11856,0.0,0.0,0.0,False,False,False,False
121,caltech,California_Garage_02,2-6-3-1624,hard_disabled,DISABLED CHARGER,2019-04-19 16:14:00+00:00,2019-04-19 16:14:00+00:00,1,1,train,0.0,7.2,0.0,0.0,0.0,0.0,False,0.05928,0.0,0.0,0.0,False,False,True,True
122,caltech,California_Garage_02,2-6-3-1624,hard_disabled,DISABLED CHARGER,2019-04-19 20:17:00+00:00,2019-04-19 20:18:00+00:00,2,1,train,0.0,7.2,0.0,0.0,0.0,0.0,False,,0.138369,,0.0,False,False,False,False
123,caltech,California_Garage_02,2-6-3-1624,hard_disabled,DISABLED CHARGER,2019-04-20 21:37:00+00:00,2019-04-20 23:16:00+00:00,100,1,train,0.0,7.200000000000004,0.0,0.0,0.0,0.0,False,0.7083999999999999,0.0,0.0,0.0,False,False,False,False
124,caltech,California_Garage_02,2-6-3-1624,hard_disabled,DISABLED CHARGER,2019-04-20 23:19:00+00:00,2019-04-20 23:19:00+00:00,1,1,train,0.0,7.2,0.0,0.0,0.0,0.0,False,0.0,0.0,0.0,0.0,False,True,True,True
125,caltech,California_Garage_02,2-6-3-1624,hard_disabled,DISABLED CHARGER,2019-04-20 23:24:00+00:00,2019-04-21 00:35:00+00:00,71,1,train,0.0,7.2,0.0,0.0,0.0,0.0,False,0.0,0.0,0.0,0.0,False,True,True,True
126,caltech,California_Garage_02,2-6-3-1624,hard_disabled,DISABLED CHARGER,2019-04-21 00:54:00+00:00,2019-04-21 01:07:00+00:00,14,1,train,0.0,7.200000000000001,0.0,0.0,0.0,0.0,False,,0.0,,0.0,False,False,False,True
127,caltech,California_Garage_02,2-6-3-1624,hard_disabled,DISABLED CHARGER,2020-01-13 02:12:00+00:00,2020-01-13 02:12:00+00:00,1,1,validation,0.0,7.2,0.0,0.0,0.0,0.0,False,0.0,1.6657552631578945,0.0,1.92,False,False,False,False
128,caltech,California_Garage_02,2-6-3-1624,pilot_violation,DISABLED PILOT VIOLATION,2019-03-25 16:49:00+00:00,2019-03-25 18:36:00+00:00,99,1,train,7.2,7.200000000000003,7.071971139971143,7.2,0.029605059028320082,0.034203300128856445,True,6.230124999999999,1.474,7.2,0.0,False,False,False,False
129,caltech,California_Garage_02,2-6-3-1624,pilot_violation,DISABLED PILOT VIOLATION,2019-03-25 18:40:00+00:00,2019-03-25 18:40:00+00:00,1,1,train,0.0,7.2,0.0,0.0,0.0,0.0,False,0.0,1.37408,0.0,0.0,False,True,True,True
130,caltech,California_Garage_02,2-6-3-1624,pilot_violation,DISABLED PILOT VIOLATION,2019-03-25 18:43:00+00:00,2019-03-25 19:37:00+00:00,55,1,train,0.0,7.199999999999999,0.0,0.0,0.0,0.0,False,0.0,0.34352,0.0,0.0,False,True,True,True
131,caltech,California_Garage_02,2-6-3-1624,pilot_violation,DISABLED PILOT VIOLATION,2019-03-25 19:42:00+00:00,2019-03-25 19:43:00+00:00,2,1,train,0.0,7.2,0.0,0.0,0.0,0.0,False,0.0,0.0,0.0,0.0,False,True,True,True
132,caltech,California_Garage_02,2-6-3-1624,pilot_violation,DISABLED PILOT VIOLATION,2019-03-25 19:51:00+00:00,2019-03-25 23:35:00+00:00,224,1,train,0.0,7.200000000000002,0.0,0.0,0.0,0.0,False,0.0,0.0,0.0,0.0,False,False,True,True
133,caltech,California_Garage_02,2-6-3-1624,pilot_violation,DISABLED PILOT VIOLATION,2019-03-27 17:01:00+00:00,2019-03-27 17:26:00+00:00,25,1,train,9.6,7.2,9.440239499999999,9.6,0.04374066091068887,0.04552933564004727,True,8.940456000000001,0.0,9.6,0.0,True,False,False,False
134,caltech,California_Garage_02,2-6-3-1624,pilot_violation,DISABLED PILOT VIOLATION,2019-03-27 17:29:00+00:00,2019-03-27 17:29:00+00:00,1,1,train,0.0,7.2,0.0,0.0,0.0,0.0,False,0.0,0.0,0.0,0.0,False,True,True,True
135,caltech,California_Garage_02,2-6-3-1624,pilot_violation,DISABLED PILOT VIOLATION,2019-03-27 17:35:00+00:00,2019-03-27 17:35:00+00:00,1,1,train,0.0,7.2,0.0,0.0,0.0,0.0,False,0.0,0.0,0.0,0.0,False,False,True,True
136,caltech,California_Garage_02,2-6-3-1624,pilot_violation,DISABLED PILOT VIOLATION,2019-03-27 17:39:00+00:00,2019-03-27 17:41:00+00:00,3,1,train,0.0,7.2,0.0,0.0,0.0,0.0,False,0.0,0.0,0.0,0.0,False,True,True,True
137,caltech,California_Garage_02,2-6-3-1624,pilot_violation,DISABLED PILOT VIOLATION,2019-03-27 17:45:00+00:00,2019-03-27 20:50:00+00:00,181,1,train,0.0,7.200000000000003,0.0,0.0,0.0,0.0,False,0.0,0.0,0.0,0.0,False,True,True,True
138,caltech,California_Garage_02,2-6-3-1624,pilot_violation,DISABLED PILOT VIOLATION,2019-03-27 20:53:00+00:00,2019-03-27 20:54:00+00:00,2,1,train,0.0,7.2,0.0,0.0,0.0,0.0,False,0.0,0.0,0.0,0.0,False,True,True,True
139,caltech,California_Garage_02,2-6-3-1624,pilot_violation,DISABLED PILOT VIOLATION,2019-03-27 20:57:00+00:00,2019-03-27 20:57:00+00:00,1,1,train,0.0,7.2,0.0,0.0,0.0,0.0,False,0.0,0.0,0.0,0.0,False,True,True,True
140,caltech,California_Garage_02,2-6-3-1624,pilot_violation,DISABLED PILOT VIOLATION,2019-03-27 21:12:00+00:00,2019-03-27 21:12:00+00:00,1,1,train,0.0,7.2,0.0,0.0,0.0,0.0,False,0.0,0.0,0.0,0.0,False,False,True,True
141,caltech,California_Garage_02,2-6-3-1624,pilot_violation,DISABLED PILOT VIOLATION,2019-03-27 21:16:00+00:00,2019-03-27 21:16:00+00:00,1,1,train,0.0,7.2,0.0,0.0,0.0,0.0,False,0.0,0.0,0.0,0.0,False,True,True,True
142,caltech,California_Garage_02,2-6-3-1624,pilot_violation,DISABLED PILOT VIOLATION,2019-04-15 15:30:00+00:00,2019-04-15 19:53:00+00:00,262,1,train,15.6,7.200000000000001,15.5809635610687,15.6,0.07298536188890728,0.13599309282077493,True,10.616205,0.0,15.6,0.0,True,False,False,False
143,caltech,California_Garage_02,2-6-3-1625,hard_disabled,DISABLED CHARGER,2019-03-21 14:29:00+00:00,2019-03-21 14:30:00+00:00,2,1,train,0.0,7.2,0.0,0.0,0.0,0.0,False,,0.0,,19.2,False,False,False,False
144,caltech,California_Garage_02,2-6-3-1625,hard_disabled,DISABLED CHARGER,2019-03-23 05:40:00+00:00,2019-03-23 05:42:00+00:00,3,1,train,0.0,7.2,0.0,0.0,0.0,0.0,False,,0.0,,19.2,False,False,False,False
145,caltech,California_Garage_02,2-6-3-1625,hard_disabled,DISABLED CHARGER,2019-03-23 06:05:00+00:00,2019-03-23 06:08:00+00:00,3,1,train,0.0,7.2,0.0,0.0,0.0,0.0,False,,0.0,,16.000000000000004,False,False,False,True
146,caltech,California_Garage_02,2-6-3-1625,hard_disabled,DISABLED CHARGER,2019-03-23 06:49:00+00:00,2019-03-23 06:49:00+00:00,1,1,train,0.0,7.2,0.0,0.0,0.0,0.0,False,,0.0,,1.92,False,False,False,False
147,caltech,California_Garage_02,2-6-3-1625,hard_disabled,DISABLED CHARGER,2019-03-23 15:30:00+00:00,2019-03-23 15:30:00+00:00,1,1,train,0.0,7.2,0.0,0.0,0.0,0.0,False,,0.0,,10.56,False,False,False,False
148,caltech,California_Garage_02,2-6-3-1625,hard_disabled,DISABLED CHARGER,2019-03-24 03:55:00+00:00,2019-03-24 04:49:00+00:00,55,1,train,0.0,7.199999999999999,0.0,0.0,0.0,0.0,False,0.0,0.0,0.0,0.0,False,False,False,False
149,caltech,California_Garage_02,2-6-3-1625,hard_disabled,DISABLED CHARGER,2019-03-24 21:09:00+00:00,2019-03-24 21:10:00+00:00,2,1,train,0.0,7.2,0.0,0.0,0.0,0.0,False,,0.0,,14.385,False,False,False,False
150,caltech,California_Garage_02,2-6-3-1625,hard_disabled,DISABLED CHARGER,2019-03-25 01:54:00+00:00,2019-03-25 01:54:00+00:00,1,1,train,0.0,7.2,0.0,0.0,0.0,0.0,False,,0.0,,1.92,False,False,False,False
151,caltech,California_Garage_02,2-6-3-1625,hard_disabled,DISABLED CHARGER,2019-03-26 05:03:00+00:00,2019-03-26 05:03:00+00:00,1,1,train,0.0,7.2,0.0,0.0,0.0,0.0,False,,0.0,,9.0,False,False,False,False
152,caltech,California_Garage_02,2-6-3-1625,hard_disabled,DISABLED CHARGER,2019-03-26 05:06:00+00:00,2019-03-26 05:08:00+00:00,2,1,train,0.0,7.2,0.0,0.0,0.0,0.0,False,0.0,0.0,-0.24,10.079999999999998,False,True,True,True
153,caltech,California_Garage_02,2-6-3-1625,hard_disabled,DISABLED CHARGER,2019-03-26 05:11:00+00:00,2019-03-26 05:11:00+00:00,1,1,train,0.0,7.2,0.0,0.0,0.0,0.0,False,0.0,0.0,1.92,1.92,False,True,True,True
154,caltech,California_Garage_02,2-6-3-1625,hard_disabled,DISABLED CHARGER,2019-03-27 06:51:00+00:00,2019-03-27 06:51:00+00:00,1,1,train,0.0,7.2,0.0,0.0,0.0,0.0,False,,0.0,,1.92,False,False,False,False
155,caltech,California_Garage_02,2-6-3-1625,hard_disabled,DISABLED CHARGER,2019-03-27 21:17:00+00:00,2019-03-27 21:17:00+00:00,1,1,train,0.0,7.2,0.0,0.0,0.0,0.0,False,,0.0,,0.0,False,False,False,False
156,caltech,California_Garage_02,2-6-3-1625,hard_disabled,DISABLED CHARGER,2019-03-28 02:38:00+00:00,2019-03-28 02:38:00+00:00,1,1,train,0.0,7.2,0.0,0.0,0.0,0.0,False,,0.0,,0.84,False,False,False,False
157,caltech,California_Garage_02,2-6-3-1625,hard_disabled,DISABLED CHARGER,2019-03-28 03:19:00+00:00,2019-03-28 03:20:00+00:00,2,1,train,0.0,7.2,0.0,0.0,0.0,0.0,False,,0.0,,15.36,False,False,False,False
158,caltech,California_Garage_02,2-6-3-1625,hard_disabled,DISABLED CHARGER,2019-03-28 03:23:00+00:00,2019-03-28 03:23:00+00:00,1,1,train,0.0,7.2,0.0,0.0,0.0,0.0,False,0.0,0.0,14.879999999999999,11.48,False,True,True,True
159,caltech,California_Garage_02,2-6-3-1625,hard_disabled,DISABLED CHARGER,2019-03-28 03:27:00+00:00,2019-03-28 03:27:00+00:00,1,1,train,0.0,7.2,0.0,0.0,0.0,0.0,False,0.0,0.0,15.36,7.6,False,True,True,True
160,caltech,California_Garage_02,2-6-3-1625,hard_disabled,DISABLED CHARGER,2019-03-28 03:50:00+00:00,2019-03-28 03:50:00+00:00,1,1,train,0.0,7.2,0.0,0.0,0.0,0.0,False,,0.0,,-0.24,False,False,False,True
161,caltech,California_Garage_02,2-6-3-1625,hard_disabled,DISABLED CHARGER,2019-03-28 04:14:00+00:00,2019-03-28 04:14:00+00:00,1,1,train,0.0,7.2,0.0,0.0,0.0,0.0,False,,0.0,,19.2,False,False,False,True
162,caltech,California_Garage_02,2-6-3-1625,hard_disabled,DISABLED CHARGER,2019-03-29 05:00:00+00:00,2019-03-29 05:00:00+00:00,1,1,train,0.0,7.2,0.0,0.0,0.0,0.0,False,,0.0,,-0.12,False,False,False,False
163,caltech,California_Garage_02,2-6-3-1625,hard_disabled,DISABLED CHARGER,2019-03-29 14:46:00+00:00,2019-03-29 14:46:00+00:00,1,1,train,0.0,7.2,0.0,0.0,0.0,0.0,False,,0.0,,0.0,False,False,False,False
164,caltech,California_Garage_02,2-6-3-1625,hard_disabled,DISABLED CHARGER,2019-04-04 19:07:00+00:00,2019-04-04 22:47:00+00:00,221,1,train,1.92,7.200000000000004,1.918432126696833,1.92,0.013625776830781993,0.0194821291765078,True,1.4543333333333333,0.0,1.92,0.0,True,False,False,True
165,caltech,California_Garage_02,2-6-3-1625,hard_disabled,DISABLED CHARGER,2019-04-06 20:51:00+00:00,2019-04-06 21:12:00+00:00,22,1,train,0.0,7.1999999999999975,0.0,0.0,0.0,0.0,False,0.0,0.0,0.0,0.0,False,False,False,True
166,caltech,California_Garage_02,2-6-3-1625,hard_disabled,DISABLED CHARGER,2019-05-28 05:40:00+00:00,2019-05-28 05:40:00+00:00,1,1,train,0.0,7.2,0.0,0.0,0.0,0.0,False,0.0,0.0,0.0,0.0,False,False,False,True
167,caltech,California_Garage_02,2-6-3-1625,hard_disabled,DISABLED CHARGER,2019-08-17 22:09:00+00:00,2019-08-17 22:09:00+00:00,1,1,train,9.470869565217392,7.2,9.470869565217392,9.470869565217392,0.38141513893995904,0.38141513893995904,True,7.335923913043478,0.0,8.901818181818182,0.0,True,True,True,True
168,caltech,California_Garage_02,2-6-3-1625,hard_disabled,DISABLED CHARGER,2019-10-01 23:22:00+00:00,2019-10-01 23:22:00+00:00,1,1,validation,13.2,7.2,13.2,13.2,0.09405082537234931,0.09405082537234931,True,10.856048235294118,0.0,13.2,1.92,True,True,True,True
169,caltech,California_Garage_02,2-6-3-1625,hard_disabled,DISABLED CHARGER,2019-10-14 00:56:00+00:00,2019-10-14 00:56:00+00:00,1,1,validation,0.0,7.2,0.0,0.0,0.0,0.0,False,0.0,9.058583636363636,0.0,12.2928,False,False,False,False
170,caltech,California_Garage_02,2-6-3-1625,hard_disabled,DISABLED CHARGER,2019-10-16 00:17:00+00:00,2019-10-16 00:17:00+00:00,1,1,validation,0.0,7.2,0.0,0.0,0.0,0.0,False,0.0,7.320610416666666,0.0,9.6,False,False,False,False
171,caltech,California_Garage_02,2-6-3-1625,hard_disabled,DISABLED CHARGER,2019-11-03 16:25:00+00:00,2019-11-03 16:25:00+00:00,1,1,validation,0.0,7.2,0.0,0.0,0.0,0.0,False,0.0,0.0,0.0,1.8327272727272728,False,False,False,False
172,caltech,California_Garage_02,2-6-3-1625,pilot_violation,DISABLED PILOT VIOLATION,2019-03-31 05:29:00+00:00,2019-03-31 05:54:00+00:00,26,1,train,12.0,7.199999999999999,11.93988923076923,12.0,0.28727142102239306,0.4385964912280702,True,10.8225,0.0,12.0,0.0,True,False,False,False
173,caltech,California_Garage_02,2-6-3-1626,hard_disabled,DISABLED CHARGER,2019-03-21 14:29:00+00:00,2019-03-21 14:29:00+00:00,1,1,train,0.0,7.2,0.0,0.0,0.0,0.0,False,,0.0,,9.48,False,False,False,False
174,caltech,California_Garage_02,2-6-3-1626,hard_disabled,DISABLED CHARGER,2019-03-22 00:48:00+00:00,2019-03-22 00:48:00+00:00,1,1,train,0.0,7.2,0.0,0.0,0.0,0.0,False,,0.0,,0.0,False,False,False,False
175,caltech,California_Garage_02,2-6-3-1626,hard_disabled,DISABLED CHARGER,2019-03-22 00:52:00+00:00,2019-03-22 00:57:00+00:00,4,1,train,0.0,7.2,0.0,0.0,0.0,0.0,False,0.0,0.0,0.0,18.96,False,True,True,True
176,caltech,California_Garage_02,2-6-3-1626,hard_disabled,DISABLED CHARGER,2019-03-23 06:05:00+00:00,2019-03-23 06:05:00+00:00,1,1,train,0.0,7.2,0.0,0.0,0.0,0.0,False,,0.0,,1.92,False,False,False,False
177,caltech,California_Garage_02,2-6-3-1626,hard_disabled,DISABLED CHARGER,2019-03-23 15:31:00+00:00,2019-03-23 15:31:00+00:00,1,1,train,0.0,7.2,0.0,0.0,0.0,0.0,False,,0.0,,19.2,False,False,False,False
178,caltech,California_Garage_02,2-6-3-1626,hard_disabled,DISABLED CHARGER,2019-03-27 06:51:00+00:00,2019-03-27 07:15:00+00:00,25,1,train,0.0,7.2,0.0,0.0,0.0,0.0,False,,0.0,,16.56,False,False,False,False
179,caltech,California_Garage_02,2-6-3-1626,hard_disabled,DISABLED CHARGER,2019-03-27 21:17:00+00:00,2019-03-27 21:17:00+00:00,1,1,train,0.0,7.2,0.0,0.0,0.0,0.0,False,,0.0,,0.0,False,False,False,False
180,caltech,California_Garage_02,2-6-3-1626,hard_disabled,DISABLED CHARGER,2019-03-28 01:52:00+00:00,2019-03-28 01:52:00+00:00,1,1,train,0.0,7.2,0.0,0.0,0.0,0.0,False,,0.0,,15.6,False,False,False,False
181,caltech,California_Garage_02,2-6-3-1626,hard_disabled,DISABLED CHARGER,2019-03-28 03:19:00+00:00,2019-03-28 03:20:00+00:00,2,1,train,0.0,7.2,0.0,0.0,0.0,0.0,False,,0.0,,15.36,False,False,False,False
182,caltech,California_Garage_02,2-6-3-1626,hard_disabled,DISABLED CHARGER,2019-03-28 03:46:00+00:00,2019-03-28 03:46:00+00:00,1,1,train,0.0,7.2,0.0,0.0,0.0,0.0,False,,0.0,,1.92,False,False,False,True
183,caltech,California_Garage_02,2-6-3-1626,hard_disabled,DISABLED CHARGER,2019-03-29 14:46:00+00:00,2019-03-29 14:46:00+00:00,1,1,train,0.0,7.2,0.0,0.0,0.0,0.0,False,,0.0,,0.56,False,False,False,False
184,caltech,California_Garage_02,2-6-3-1626,hard_disabled,DISABLED CHARGER,2019-03-29 16:00:00+00:00,2019-03-29 16:03:00+00:00,4,1,train,0.0,7.2,0.0,0.0,0.0,0.0,False,,0.0,,6.96,False,False,False,False
185,caltech,California_Garage_02,2-6-3-1626,hard_disabled,DISABLED CHARGER,2019-04-16 17:32:00+00:00,2019-04-16 23:47:00+00:00,374,1,train,18.816,7.200000000000002,18.816,18.816,0.09876746967496673,0.14134019412399276,True,17.467294,0.0,18.816,0.0,True,False,False,False
186,caltech,California_Garage_02,2-6-3-1626,hard_disabled,DISABLED CHARGER,2019-04-22 09:12:00+00:00,2019-04-22 15:43:00+00:00,392,1,train,0.0,7.200000000000001,0.0,0.0,0.0,0.0,False,0.0,0.0,0.0,0.0,False,False,False,False
187,caltech,California_Garage_02,2-6-3-1626,hard_disabled,DISABLED CHARGER,2019-07-01 00:51:00+00:00,2019-07-01 00:51:00+00:00,1,1,train,0.0,7.2,0.0,0.0,0.0,0.0,False,0.0,0.0,0.0,1.28,False,False,False,False
188,caltech,California_Garage_02,2-6-3-1626,hard_disabled,DISABLED CHARGER,2019-08-30 20:52:00+00:00,2019-08-30 20:52:00+00:00,1,1,validation,0.0,7.2,0.0,0.0,0.0,0.0,False,0.0,7.01402465,0.0,9.172799999999999,False,False,False,True
189,caltech,California_Garage_02,2-6-3-1626,hard_disabled,DISABLED CHARGER,2019-12-14 22:07:00+00:00,2019-12-14 22:07:00+00:00,1,1,stress,0.0,7.2,0.0,0.0,0.0,0.0,False,0.0,8.444656103896104,0.0,12.383896103896102,False,False,False,False
190,caltech,California_Garage_02,2-6-3-1626,pilot_violation,DISABLED PILOT VIOLATION,2019-03-31 06:28:00+00:00,2019-03-31 07:49:00+00:00,81,1,train,0.0,7.200000000000002,0.0,0.0,0.0,0.0,False,0.9622449999999999,0.0,12.719999999999999,0.0,False,False,False,False
191,caltech,California_Garage_02,2-6-3-1626,pilot_violation,DISABLED PILOT VIOLATION,2019-03-31 07:54:00+00:00,2019-03-31 07:54:00+00:00,1,1,train,0.0,7.2,0.0,0.0,0.0,0.0,False,0.0,0.0,0.0,0.0,False,True,True,True
192,caltech,California_Garage_02,2-6-3-1626,pilot_violation,DISABLED PILOT VIOLATION,2019-03-31 08:05:00+00:00,2019-03-31 08:05:00+00:00,1,1,train,0.0,7.2,0.0,0.0,0.0,0.0,False,0.0,0.0,0.0,0.0,False,False,True,True
193,caltech,California_Garage_02,2-6-3-1626,pilot_violation,DISABLED PILOT VIOLATION,2019-03-31 08:10:00+00:00,2019-03-31 08:10:00+00:00,1,1,train,0.0,7.2,0.0,0.0,0.0,0.0,False,0.0,0.0,0.0,0.0,False,True,True,True
194,caltech,California_Garage_02,2-6-3-1626,pilot_violation,DISABLED PILOT VIOLATION,2019-03-31 08:16:00+00:00,2019-03-31 08:16:00+00:00,1,1,train,0.0,7.2,0.0,0.0,0.0,0.0,False,0.0,0.0,0.0,0.0,False,False,True,True
195,caltech,California_Garage_02,2-6-3-1626,pilot_violation,DISABLED PILOT VIOLATION,2019-03-31 08:22:00+00:00,2019-03-31 11:19:00+00:00,177,1,train,0.0,7.200000000000002,0.0,0.0,0.0,0.0,False,0.0,0.0,0.0,0.0,False,False,True,True
196,caltech,California_Garage_02,2-6-3-1626,pilot_violation,DISABLED PILOT VIOLATION,2019-03-31 11:30:00+00:00,2019-03-31 15:24:00+00:00,233,1,train,0.0,7.200000000000002,0.0,0.0,0.0,0.0,False,0.0,0.0,0.0,0.0,False,False,True,True
197,caltech,California_Garage_02,2-6-3-1626,pilot_violation,DISABLED PILOT VIOLATION,2019-03-31 15:48:00+00:00,2019-03-31 16:00:00+00:00,13,1,train,0.0,7.200000000000001,0.0,0.0,0.0,0.0,False,,0.0,,0.0,False,False,False,True
198,caltech,California_Garage_02,2-6-3-1626,pilot_violation,DISABLED PILOT VIOLATION,2019-03-31 16:03:00+00:00,2019-03-31 16:25:00+00:00,22,1,train,0.0,7.1999999999999975,0.0,0.0,0.0,0.0,False,0.0,0.0,0.0,0.0,False,True,True,True
199,caltech,California_Garage_02,2-6-3-1626,pilot_violation,DISABLED PILOT VIOLATION,2019-03-31 16:34:00+00:00,2019-03-31 16:43:00+00:00,9,1,train,0.0,7.199999999999999,0.0,0.0,0.0,0.0,False,0.0,0.0,0.0,0.0,False,False,True,True
200,caltech,California_Garage_02,2-6-3-1626,pilot_violation,DISABLED PILOT VIOLATION,2019-03-31 16:47:00+00:00,2019-03-31 16:47:00+00:00,1,1,train,0.0,7.2,0.0,0.0,0.0,0.0,False,0.0,0.0,0.0,0.0,False,True,True,True
201,caltech,California_Garage_02,2-6-3-1626,pilot_violation,DISABLED PILOT VIOLATION,2019-03-31 16:51:00+00:00,2019-03-31 17:23:00+00:00,33,1,train,0.0,7.2,0.0,0.0,0.0,0.0,False,0.0,0.0,0.0,0.0,False,True,True,True
202,caltech,California_Garage_02,2-6-3-1626,pilot_violation,DISABLED PILOT VIOLATION,2019-04-02 16:18:00+00:00,2019-04-02 16:30:00+00:00,12,1,train,9.674050000000001,7.2,9.67405,9.674050000000001,0.03560230367300719,0.03638231228238074,True,9.04412,0.0,9.6,0.0,True,False,False,False
203,caltech,California_Garage_02,2-6-3-1626,pilot_violation,DISABLED PILOT VIOLATION,2019-04-02 16:33:00+00:00,2019-04-02 17:25:00+00:00,51,1,train,0.0,7.2,0.0,0.0,0.0,0.0,False,0.0,0.0,0.0,0.0,False,True,True,True
204,caltech,California_Garage_02,2-6-3-1626,pilot_violation,DISABLED PILOT VIOLATION,2019-04-02 17:30:00+00:00,2019-04-02 17:30:00+00:00,1,1,train,0.0,7.2,0.0,0.0,0.0,0.0,False,0.0,0.0,0.0,0.0,False,True,True,True
205,caltech,California_Garage_02,2-6-3-1626,pilot_violation,DISABLED PILOT VIOLATION,2019-04-02 17:35:00+00:00,2019-04-02 18:24:00+00:00,49,1,train,0.0,7.2,0.0,0.0,0.0,0.0,False,0.0,0.0,0.0,0.0,False,True,True,True
206,caltech,California_Garage_02,2-6-3-1626,pilot_violation,DISABLED PILOT VIOLATION,2019-04-02 18:31:00+00:00,2019-04-02 22:04:00+00:00,212,1,train,0.0,7.200000000000003,0.0,0.0,0.0,0.0,False,0.0,0.0,0.0,0.0,False,False,True,True
207,caltech,California_Garage_02,2-6-3-1626,pilot_violation,DISABLED PILOT VIOLATION,2019-04-02 22:13:00+00:00,2019-04-02 22:13:00+00:00,1,1,train,0.0,7.2,0.0,0.0,0.0,0.0,False,0.0,0.0,0.0,0.0,False,False,True,True
208,caltech,California_Garage_02,2-6-3-1626,pilot_violation,DISABLED PILOT VIOLATION,2019-04-02 22:16:00+00:00,2019-04-02 22:16:00+00:00,1,1,train,0.0,7.2,0.0,0.0,0.0,0.0,False,0.0,0.0,0.0,0.0,False,True,True,True
209,caltech,California_Garage_02,2-6-3-1626,pilot_violation,DISABLED PILOT VIOLATION,2019-04-02 22:19:00+00:00,2019-04-02 22:24:00+00:00,6,1,train,0.0,7.2,0.0,0.0,0.0,0.0,False,0.0,0.0,0.0,0.0,False,True,True,True
210,caltech,California_Garage_02,2-6-3-1626,pilot_violation,DISABLED PILOT VIOLATION,2019-04-05 00:40:00+00:00,2019-04-05 00:50:00+00:00,10,1,train,7.2,7.2,7.098407571428572,7.2,0.10070876740351367,0.11056775604444123,True,6.89532,0.0,7.2,0.0,True,False,False,False
211,caltech,California_Garage_02,2-6-3-1626,pilot_violation,DISABLED PILOT VIOLATION,2019-04-05 01:00:00+00:00,2019-04-05 01:16:00+00:00,16,1,train,0.0,7.2,0.0,0.0,0.0,0.0,False,0.0,0.0,0.0,0.0,False,False,True,True
212,caltech,California_Garage_02,2-6-3-1626,pilot_violation,DISABLED PILOT VIOLATION,2019-06-07 03:27:00+00:00,2019-06-07 04:45:00+00:00,79,1,train,19.2,7.2000000000000055,19.200000000000003,19.2,0.6149016394670822,0.9090909090909092,True,18.207765000000002,0.0,19.2,0.0,True,False,False,False
213,caltech,California_Garage_02,2-6-3-1627,hard_disabled,DISABLED CHARGER,2019-03-22 02:56:00+00:00,2019-03-22 02:56:00+00:00,1,1,train,0.0,7.2,0.0,0.0,0.0,0.0,False,,0.0,,0.56,False,False,False,False
214,caltech,California_Garage_02,2-6-3-1627,hard_disabled,DISABLED CHARGER,2019-03-22 10:34:00+00:00,2019-03-22 15:48:00+00:00,315,1,train,11.28,7.200000000000001,11.27928,11.28,0.43385929898004116,1.0,True,10.367954999999998,0.0,11.28,0.0,True,True,True,True
215,caltech,California_Garage_02,2-6-3-1627,hard_disabled,DISABLED CHARGER,2019-03-23 05:40:00+00:00,2019-03-23 05:41:00+00:00,2,1,train,0.0,7.2,0.0,0.0,0.0,0.0,False,,0.0,,19.2,False,False,False,False
216,caltech,California_Garage_02,2-6-3-1627,hard_disabled,DISABLED CHARGER,2019-03-23 06:07:00+00:00,2019-03-23 06:08:00+00:00,2,1,train,0.0,7.2,0.0,0.0,0.0,0.0,False,,0.0,,-0.12,False,False,False,True
217,caltech,California_Garage_02,2-6-3-1627,hard_disabled,DISABLED CHARGER,2019-03-23 15:30:00+00:00,2019-03-23 15:30:00+00:00,1,1,train,0.0,7.2,0.0,0.0,0.0,0.0,False,,0.0,,10.08,False,False,False,False
218,caltech,California_Garage_02,2-6-3-1627,hard_disabled,DISABLED CHARGER,2019-03-24 21:09:00+00:00,2019-03-24 21:09:00+00:00,1,1,train,0.0,7.2,0.0,0.0,0.0,0.0,False,,0.0,,0.0,False,False,False,False
219,caltech,California_Garage_02,2-6-3-1627,hard_disabled,DISABLED CHARGER,2019-03-26 04:57:00+00:00,2019-03-26 04:57:00+00:00,1,1,train,0.0,7.2,0.0,0.0,0.0,0.0,False,,0.0,,-0.24,False,False,False,False
220,caltech,California_Garage_02,2-6-3-1627,hard_disabled,DISABLED CHARGER,2019-03-27 21:17:00+00:00,2019-03-27 21:17:00+00:00,1,1,train,0.0,7.2,0.0,0.0,0.0,0.0,False,,0.0,,1.92,False,False,False,False
221,caltech,California_Garage_02,2-6-3-1627,hard_disabled,DISABLED CHARGER,2019-03-28 02:38:00+00:00,2019-03-28 02:38:00+00:00,1,1,train,0.0,7.2,0.0,0.0,0.0,0.0,False,,0.0,,1.92,False,False,False,False
222,caltech,California_Garage_02,2-6-3-1627,hard_disabled,DISABLED CHARGER,2019-03-28 03:47:00+00:00,2019-03-28 03:48:00+00:00,2,1,train,0.0,7.2,0.0,0.0,0.0,0.0,False,,0.0,,12.144,False,False,False,False
223,caltech,California_Garage_02,2-6-3-1627,hard_disabled,DISABLED CHARGER,2019-03-29 14:46:00+00:00,2019-03-29 14:46:00+00:00,1,1,train,0.0,7.2,0.0,0.0,0.0,0.0,False,,0.0,,0.96,False,False,False,False
224,caltech,California_Garage_02,2-6-3-1627,hard_disabled,DISABLED CHARGER,2019-03-29 16:00:00+00:00,2019-03-29 16:02:00+00:00,3,1,train,0.0,7.2,0.0,0.0,0.0,0.0,False,,0.0,,6.7542857142857144,False,False,False,False
225,caltech,California_Garage_02,2-6-3-1627,hard_disabled,DISABLED CHARGER,2019-04-13 17:42:00+00:00,2019-04-13 18:37:00+00:00,56,1,train,18.6,7.200000000000001,18.599999999999998,18.6,0.3183867006408074,0.3737077277188642,True,16.276542857142857,0.0,18.6,0.0,True,False,False,False
226,caltech,California_Garage_02,2-6-3-1627,hard_disabled,DISABLED CHARGER,2019-04-21 09:34:00+00:00,2019-04-21 15:25:00+00:00,352,1,train,0.0,7.200000000000002,0.0,0.0,0.0,0.0,False,0.0,0.0,0.0,0.0,False,False,False,False
227,caltech,California_Garage_02,2-6-3-1627,hard_disabled,DISABLED CHARGER,2019-04-28 20:01:00+00:00,2019-04-28 20:01:00+00:00,1,1,train,0.0,7.2,0.0,0.0,0.0,0.0,False,0.0,0.0,0.0,1.92,False,True,True,True
228,caltech,California_Garage_02,2-6-3-1627,pilot_violation,DISABLED PILOT VIOLATION,2019-03-25 16:58:00+00:00,2019-03-25 19:07:00+00:00,126,1,train,12.0,7.200000000000004,11.959135813492063,12.0,0.05092825087784852,0.05919047371411417,True,10.6447,0.0,12.0,0.0,True,False,False,False
229,caltech,California_Garage_02,2-6-3-1627,pilot_violation,DISABLED PILOT VIOLATION,2019-03-25 19:11:00+00:00,2019-03-25 19:28:00+00:00,16,1,train,0.0,7.2,0.0,0.0,0.0,0.0,False,0.0,0.0,0.0,0.0,False,True,True,True
230,caltech,California_Garage_02,2-6-3-1627,pilot_violation,DISABLED PILOT VIOLATION,2019-03-25 19:32:00+00:00,2019-03-25 19:53:00+00:00,22,1,train,0.0,7.1999999999999975,0.0,0.0,0.0,0.0,False,0.0,0.0,0.0,0.0,False,True,True,True
231,caltech,California_Garage_02,2-6-3-1627,pilot_violation,DISABLED PILOT VIOLATION,2019-03-25 20:00:00+00:00,2019-03-25 20:01:00+00:00,2,1,train,0.0,7.2,0.0,0.0,0.0,0.0,False,0.0,0.0,0.0,0.0,False,False,True,True
232,caltech,California_Garage_02,2-6-3-1627,pilot_violation,DISABLED PILOT VIOLATION,2019-03-25 20:06:00+00:00,2019-03-25 21:22:00+00:00,77,1,train,0.0,7.200000000000004,0.0,0.0,0.0,0.0,False,0.0,0.0,0.0,0.0,False,True,True,True
233,caltech,California_Garage_02,2-6-3-1627,pilot_violation,DISABLED PILOT VIOLATION,2019-03-25 21:26:00+00:00,2019-03-25 21:27:00+00:00,2,1,train,0.0,7.2,0.0,0.0,0.0,0.0,False,0.0,0.0,0.0,0.0,False,True,True,True
234,caltech,California_Garage_02,2-6-3-1627,pilot_violation,DISABLED PILOT VIOLATION,2019-03-25 21:31:00+00:00,2019-03-25 21:31:00+00:00,1,1,train,0.0,7.2,0.0,0.0,0.0,0.0,False,0.0,0.0,0.0,0.0,False,True,True,True
235,caltech,California_Garage_02,2-6-3-1627,pilot_violation,DISABLED PILOT VIOLATION,2019-03-25 21:44:00+00:00,2019-03-25 22:46:00+00:00,63,1,train,0.0,7.199999999999999,0.0,0.0,0.0,0.0,False,0.0,0.0,0.0,0.0,False,False,True,True
236,caltech,California_Garage_02,2-6-3-1627,pilot_violation,DISABLED PILOT VIOLATION,2019-03-25 22:51:00+00:00,2019-03-25 22:51:00+00:00,1,1,train,0.0,7.2,0.0,0.0,0.0,0.0,False,0.0,0.0,0.0,0.0,False,True,True,True
237,caltech,California_Garage_02,2-6-3-1627,pilot_violation,DISABLED PILOT VIOLATION,2019-03-25 23:06:00+00:00,2019-03-25 23:06:00+00:00,1,1,train,0.0,7.2,0.0,0.0,0.0,0.0,False,0.0,0.0,0.0,0.0,False,False,True,True
238,caltech,California_Garage_02,2-6-3-1627,pilot_violation,DISABLED PILOT VIOLATION,2019-03-25 23:10:00+00:00,2019-03-25 23:34:00+00:00,25,1,train,0.0,7.2,0.0,0.0,0.0,0.0,False,0.0,0.0,0.0,0.0,False,True,True,True
239,caltech,California_Garage_02,2-6-3-1627,pilot_violation,DISABLED PILOT VIOLATION,2019-03-25 23:40:00+00:00,2019-03-26 00:21:00+00:00,42,1,train,0.0,7.199999999999999,0.0,0.0,0.0,0.0,False,0.0,0.0,0.0,0.0,False,False,True,True
240,caltech,California_Garage_02,2-6-3-1627,pilot_violation,DISABLED PILOT VIOLATION,2019-03-26 00:24:00+00:00,2019-03-26 00:24:00+00:00,1,1,train,0.0,7.2,0.0,0.0,0.0,0.0,False,0.0,0.0,0.0,0.0,False,True,True,True
241,caltech,California_Garage_02,2-6-3-1627,pilot_violation,DISABLED PILOT VIOLATION,2019-03-26 00:31:00+00:00,2019-03-26 00:31:00+00:00,1,1,train,0.0,7.2,0.0,0.0,0.0,0.0,False,0.0,0.0,0.0,0.0,False,False,True,True
242,caltech,California_Garage_02,2-6-3-1627,pilot_violation,DISABLED PILOT VIOLATION,2019-03-26 00:34:00+00:00,2019-03-26 00:37:00+00:00,3,1,train,0.0,7.2,0.0,0.0,0.0,0.0,False,0.0,0.0,0.0,0.0,False,True,True,True
243,caltech,California_Garage_02,2-6-3-1627,pilot_violation,DISABLED PILOT VIOLATION,2019-03-26 00:44:00+00:00,2019-03-26 00:48:00+00:00,3,1,train,0.0,7.2,0.0,0.0,0.0,0.0,False,0.0,0.0,0.0,0.0,False,False,True,True
244,caltech,California_Garage_02,2-6-3-1627,pilot_violation,DISABLED PILOT VIOLATION,2019-03-26 00:52:00+00:00,2019-03-26 01:31:00+00:00,40,1,train,0.0,7.2,0.0,0.0,0.0,0.0,False,0.0,0.0,0.0,0.0,False,True,True,True
245,caltech,California_Garage_02,2-6-3-1627,pilot_violation,DISABLED PILOT VIOLATION,2019-04-11 16:42:00+00:00,2019-04-11 17:26:00+00:00,42,1,train,12.0,7.199999999999999,11.857585714285714,12.0,0.04094095059790896,0.044817635768046066,True,10.9665,0.0,12.0,0.0,True,False,False,False
246,caltech,California_Garage_02,2-6-3-1627,pilot_violation,DISABLED PILOT VIOLATION,2019-04-11 17:37:00+00:00,2019-04-11 17:51:00+00:00,15,1,train,0.0,7.200000000000001,0.0,0.0,0.0,0.0,False,0.0,0.0,0.0,0.0,False,False,True,True
247,caltech,California_Garage_02,2-6-3-1627,pilot_violation,DISABLED PILOT VIOLATION,2019-04-11 17:59:00+00:00,2019-04-11 19:12:00+00:00,74,1,train,0.0,7.200000000000003,0.0,0.0,0.0,0.0,False,0.0,0.0,0.0,0.0,False,False,True,True
248,caltech,California_Garage_02,2-6-3-1627,pilot_violation,DISABLED PILOT VIOLATION,2019-04-11 19:20:00+00:00,2019-04-11 19:21:00+00:00,2,1,train,0.0,7.2,0.0,0.0,0.0,0.0,False,0.0,0.0,0.0,0.0,False,False,True,True
249,caltech,California_Garage_02,2-6-3-1627,pilot_violation,DISABLED PILOT VIOLATION,2019-04-11 19:28:00+00:00,2019-04-11 19:28:00+00:00,1,1,train,0.0,7.2,0.0,0.0,0.0,0.0,False,0.0,0.0,0.0,0.0,False,False,True,True
250,caltech,California_Garage_02,2-6-3-1627,pilot_violation,DISABLED PILOT VIOLATION,2019-04-11 19:31:00+00:00,2019-04-11 19:31:00+00:00,1,1,train,0.0,7.2,0.0,0.0,0.0,0.0,False,0.0,0.0,0.0,0.0,False,True,True,True
251,caltech,California_Garage_02,2-6-3-1627,pilot_violation,DISABLED PILOT VIOLATION,2019-04-11 19:34:00+00:00,2019-04-11 20:06:00+00:00,29,1,train,0.0,7.199999999999998,0.0,0.0,0.0,0.0,False,0.0,0.0,0.0,0.0,False,True,True,True
252,caltech,California_Garage_02,2-6-3-1627,pilot_violation,DISABLED PILOT VIOLATION,2019-04-23 02:31:00+00:00,2019-04-23 02:55:00+00:00,24,1,train,18.96,7.2,18.860486249999997,18.96,0.25577310344714044,0.2967488802687649,True,17.97798125,0.0,18.96,0.0,True,False,False,False
253,caltech,California_Garage_02,2-6-3-1627,pilot_violation,DISABLED PILOT VIOLATION,2020-02-16 01:25:00+00:00,2020-02-16 01:32:00+00:00,8,1,stress,19.069090909090907,7.2,18.933643617424238,19.069090909090907,0.32179937266382874,0.3245636357243818,True,17.270916521739128,0.0,19.069090909090907,0.0,True,False,False,False
254,caltech,California_Garage_02,2-6-3-1628,hard_disabled,DISABLED CHARGER,2019-03-21 14:29:00+00:00,2019-03-21 14:29:00+00:00,1,1,train,0.0,7.2,0.0,0.0,0.0,0.0,False,,0.0,,9.6,False,False,False,False
255,caltech,California_Garage_02,2-6-3-1628,hard_disabled,DISABLED CHARGER,2019-03-22 00:48:00+00:00,2019-03-22 00:48:00+00:00,1,1,train,0.0,7.2,0.0,0.0,0.0,0.0,False,,0.0,,1.536,False,False,False,False
256,caltech,California_Garage_02,2-6-3-1628,hard_disabled,DISABLED CHARGER,2019-03-22 02:56:00+00:00,2019-03-22 02:57:00+00:00,2,1,train,0.0,7.2,0.0,0.0,0.0,0.0,False,,0.0,,19.2,False,False,False,False
257,caltech,California_Garage_02,2-6-3-1628,hard_disabled,DISABLED CHARGER,2019-03-23 06:05:00+00:00,2019-03-23 06:08:00+00:00,3,2,train,0.0,7.2,0.0,0.0,0.0,0.0,False,,0.0,,0.0,False,False,False,False
258,caltech,California_Garage_02,2-6-3-1628,hard_disabled,DISABLED CHARGER,2019-03-23 06:48:00+00:00,2019-03-23 06:49:00+00:00,2,1,train,0.0,7.2,0.0,0.0,0.0,0.0,False,,0.0,,0.96,False,False,False,False
259,caltech,California_Garage_02,2-6-3-1628,hard_disabled,DISABLED CHARGER,2019-03-23 15:30:00+00:00,2019-03-23 15:30:00+00:00,1,1,train,0.0,7.2,0.0,0.0,0.0,0.0,False,,0.0,,7.68,False,False,False,False
260,caltech,California_Garage_02,2-6-3-1628,hard_disabled,DISABLED CHARGER,2019-03-24 21:08:00+00:00,2019-03-24 21:09:00+00:00,2,1,train,0.0,7.2,0.0,0.0,0.0,0.0,False,,0.0,,0.96,False,False,False,False
261,caltech,California_Garage_02,2-6-3-1628,hard_disabled,DISABLED CHARGER,2019-03-25 01:54:00+00:00,2019-03-25 01:54:00+00:00,1,1,train,0.0,7.2,0.0,0.0,0.0,0.0,False,,0.0,,1.92,False,False,False,False
262,caltech,California_Garage_02,2-6-3-1628,hard_disabled,DISABLED CHARGER,2019-03-26 04:57:00+00:00,2019-03-26 04:58:00+00:00,2,1,train,0.0,7.2,0.0,0.0,0.0,0.0,False,,0.0,,18.24,False,False,False,False
263,caltech,California_Garage_02,2-6-3-1628,hard_disabled,DISABLED CHARGER,2019-03-27 06:51:00+00:00,2019-03-27 06:51:00+00:00,1,1,train,0.0,7.2,0.0,0.0,0.0,0.0,False,,0.0,,7.68,False,False,False,False
264,caltech,California_Garage_02,2-6-3-1628,hard_disabled,DISABLED CHARGER,2019-03-27 21:18:00+00:00,2019-03-27 21:19:00+00:00,2,1,train,1.92,7.2,1.92,1.92,0.01340540578930483,0.013451286709692152,True,0.0,0.0,1.92,7.04,True,False,False,False
265,caltech,California_Garage_02,2-6-3-1628,hard_disabled,DISABLED CHARGER,2019-03-28 01:50:00+00:00,2019-03-28 01:51:00+00:00,2,1,train,1.92,7.2,1.92,1.92,0.02584473244567133,0.028489509925033022,True,0.0,0.0,1.92,19.131428571428568,True,False,False,False
266,caltech,California_Garage_02,2-6-3-1628,hard_disabled,DISABLED CHARGER,2019-03-28 03:06:00+00:00,2019-03-28 03:06:00+00:00,1,1,train,0.0,7.2,0.0,0.0,0.0,0.0,False,,0.0,,0.96,False,False,False,False
267,caltech,California_Garage_02,2-6-3-1628,hard_disabled,DISABLED CHARGER,2019-03-28 03:18:00+00:00,2019-03-28 03:18:00+00:00,1,1,train,0.0,7.2,0.0,0.0,0.0,0.0,False,0.0,0.0,0.96,1.92,False,False,True,True
268,caltech,California_Garage_02,2-6-3-1628,hard_disabled,DISABLED CHARGER,2019-03-29 14:48:00+00:00,2019-03-29 14:48:00+00:00,1,1,train,0.0,7.2,0.0,0.0,0.0,0.0,False,,0.0,,0.0,False,False,False,False
269,caltech,California_Garage_02,2-6-3-1628,hard_disabled,DISABLED CHARGER,2019-03-29 16:00:00+00:00,2019-03-29 16:00:00+00:00,1,1,train,0.0,7.2,0.0,0.0,0.0,0.0,False,,0.0,,1.92,False,False,False,False
270,caltech,California_Garage_02,2-6-3-1628,hard_disabled,DISABLED CHARGER,2019-04-04 22:15:00+00:00,2019-04-04 22:20:00+00:00,6,2,train,0.0,7.2,0.0,0.0,0.0,0.0,False,0.0,0.0,0.0,0.0,False,False,False,False
271,caltech,California_Garage_02,2-6-3-1628,hard_disabled,DISABLED CHARGER,2019-04-21 05:16:00+00:00,2019-04-21 06:12:00+00:00,57,1,train,7.28,7.2,7.279999999999999,7.28,0.24623339429808433,0.3165217391304348,True,6.54615,0.0,7.28,0.0,True,False,False,False
272,caltech,California_Garage_02,2-6-3-1628,hard_disabled,DISABLED CHARGER,2019-06-13 03:44:00+00:00,2019-06-13 03:44:00+00:00,1,1,train,0.0,7.2,0.0,0.0,0.0,0.0,False,0.0,0.0,0.0,0.2571428571428571,False,True,True,True
273,caltech,California_Garage_02,2-6-3-1628,hard_disabled,DISABLED CHARGER,2019-06-27 02:13:00+00:00,2019-06-27 02:23:00+00:00,11,1,train,6.96,7.2,6.959999999999999,6.96,0.09117978322356132,0.09638167527458323,True,1.42746,0.0,6.96,1.92,True,False,True,True
274,caltech,California_Garage_02,2-6-3-1628,hard_disabled,DISABLED CHARGER,2019-08-17 18:05:00+00:00,2019-08-17 18:05:00+00:00,1,1,train,13.2,7.2,13.2,13.2,0.2552755996309963,0.2552755996309963,True,11.185250384615385,9.281722936363636,13.2,13.2432,True,False,False,False
275,caltech,California_Garage_02,2-6-3-1628,hard_disabled,DISABLED CHARGER,2019-10-20 04:31:00+00:00,2019-10-20 04:31:00+00:00,1,1,validation,0.0,7.2,0.0,0.0,0.0,0.0,False,0.0,1.2904513999999998,0.0,1.92,False,False,False,False
276,caltech,California_Garage_02,2-6-3-1628,hard_disabled,DISABLED CHARGER,2019-10-21 00:15:00+00:00,2019-10-21 00:15:00+00:00,1,1,validation,0.0,7.2,0.0,0.0,0.0,0.0,False,0.0,9.22897955,0.0,11.76,False,False,False,False
277,caltech,California_Garage_02,2-6-3-1628,hard_disabled,DISABLED CHARGER,2019-10-31 22:41:00+00:00,2019-10-31 22:41:00+00:00,1,1,validation,0.0,7.2,0.0,0.0,0.0,0.0,False,0.0,9.313395979166666,0.0,19.12533333333333,False,True,True,True
278,caltech,California_Garage_02,2-6-3-1628,hard_disabled,DISABLED CHARGER,2019-11-25 19:59:00+00:00,2019-11-25 19:59:00+00:00,1,1,validation,0.0,7.2,0.0,0.0,0.0,0.0,False,0.0,7.195669221967963,0.0,19.082471395881008,False,True,True,True
279,caltech,California_Garage_02,2-6-3-1628,hard_disabled,DISABLED CHARGER,2019-12-07 05:22:00+00:00,2019-12-07 05:22:00+00:00,1,1,stress,0.0,7.2,0.0,0.0,0.0,0.0,False,0.0,10.193015568181817,0.0,13.44,False,False,False,False
280,caltech,California_Garage_02,2-6-3-1628,pilot_violation,DISABLED PILOT VIOLATION,2019-04-16 00:43:00+00:00,2019-04-16 01:45:00+00:00,63,1,train,12.48,7.199999999999999,12.35158928571429,12.48,0.13413344049328352,0.15781367896597243,True,11.11238,0.0,12.48,0.0,False,False,False,False
281,caltech,California_Garage_02,2-6-3-1628,pilot_violation,DISABLED PILOT VIOLATION,2019-08-10 04:24:00+00:00,2019-08-10 07:04:00+00:00,161,1,train,18.96,7.200000000000002,18.914172397515532,18.96,0.4049216289489332,0.5435614420906765,True,18.159415,0.0,18.96,0.0,True,False,False,False
282,caltech,California_Garage_02,2-6-3-1628,pilot_violation,DISABLED PILOT VIOLATION,2019-10-31 20:22:00+00:00,2019-10-31 22:41:00+00:00,140,1,validation,10.506666666666666,7.200000000000003,10.506666666666666,10.506666666666666,0.06606293355556464,0.07851997514506485,True,9.327307368421053,0.0,10.506666666666666,0.0,True,True,True,True
283,caltech,California_Garage_02,2-6-3-1628,pilot_violation,DISABLED PILOT VIOLATION,2019-11-25 17:33:00+00:00,2019-11-25 19:59:00+00:00,147,1,validation,6.0,7.200000000000002,5.960897632653062,6.0,0.023264486088963886,0.03067098258694598,True,5.733620869565217,0.0,6.0,0.0,False,False,False,False
284,caltech,California_Garage_02,2-6-3-1629,hard_disabled,DISABLED CHARGER,2019-03-21 14:28:00+00:00,2019-03-21 14:29:00+00:00,2,1,train,0.0,7.2,0.0,0.0,0.0,0.0,False,,0.0,,0.0,False,False,False,False
285,caltech,California_Garage_02,2-6-3-1629,hard_disabled,DISABLED CHARGER,2019-03-22 00:50:00+00:00,2019-03-22 00:52:00+00:00,3,1,train,0.0,7.2,0.0,0.0,0.0,0.0,False,,0.0,,19.2,False,False,False,False
286,caltech,California_Garage_02,2-6-3-1629,hard_disabled,DISABLED CHARGER,2019-03-23 06:05:00+00:00,2019-03-23 06:05:00+00:00,1,1,train,0.0,7.2,0.0,0.0,0.0,0.0,False,,0.0,,8.28,False,False,False,False
287,caltech,California_Garage_02,2-6-3-1629,hard_disabled,DISABLED CHARGER,2019-03-23 15:30:00+00:00,2019-03-23 15:31:00+00:00,2,1,train,0.0,7.2,0.0,0.0,0.0,0.0,False,,0.0,,9.6,False,False,False,False
288,caltech,California_Garage_02,2-6-3-1629,hard_disabled,DISABLED CHARGER,2019-03-23 15:43:00+00:00,2019-03-23 15:43:00+00:00,1,1,train,0.0,7.2,0.0,0.0,0.0,0.0,False,0.0,0.0,9.6,19.2,False,False,True,True
289,caltech,California_Garage_02,2-6-3-1629,hard_disabled,DISABLED CHARGER,2019-03-23 15:50:00+00:00,2019-03-23 15:53:00+00:00,3,1,train,0.0,7.2,0.0,0.0,0.0,0.0,False,0.0,0.0,19.2,1.92,False,False,True,True
290,caltech,California_Garage_02,2-6-3-1629,hard_disabled,DISABLED CHARGER,2019-03-23 15:57:00+00:00,2019-03-23 15:57:00+00:00,1,1,train,0.0,7.2,0.0,0.0,0.0,0.0,False,0.0,0.0,1.92,1.92,False,True,True,True
291,caltech,California_Garage_02,2-6-3-1629,hard_disabled,DISABLED CHARGER,2019-03-26 04:57:00+00:00,2019-03-26 04:57:00+00:00,1,1,train,0.0,7.2,0.0,0.0,0.0,0.0,False,,0.0,,-0.24,False,False,False,False
292,caltech,California_Garage_02,2-6-3-1629,hard_disabled,DISABLED CHARGER,2019-03-27 06:51:00+00:00,2019-03-27 06:51:00+00:00,1,1,train,0.0,7.2,0.0,0.0,0.0,0.0,False,,0.0,,0.96,False,False,False,False
293,caltech,California_Garage_02,2-6-3-1629,hard_disabled,DISABLED CHARGER,2019-03-27 21:17:00+00:00,2019-03-27 21:17:00+00:00,1,1,train,0.0,7.2,0.0,0.0,0.0,0.0,False,,0.0,,0.96,False,False,False,False
294,caltech,California_Garage_02,2-6-3-1629,hard_disabled,DISABLED CHARGER,2019-03-28 01:50:00+00:00,2019-03-28 01:51:00+00:00,2,1,train,0.0,7.2,0.0,0.0,0.0,0.0,False,,0.0,,15.6,False,False,False,False
295,caltech,California_Garage_02,2-6-3-1629,hard_disabled,DISABLED CHARGER,2019-03-28 03:06:00+00:00,2019-03-28 03:06:00+00:00,1,1,train,0.0,7.2,0.0,0.0,0.0,0.0,False,,0.0,,1.28,False,False,False,False
296,caltech,California_Garage_02,2-6-3-1629,hard_disabled,DISABLED CHARGER,2019-03-28 04:06:00+00:00,2019-03-28 04:06:00+00:00,1,1,train,0.0,7.2,0.0,0.0,0.0,0.0,False,,0.0,,18.96,False,False,False,False
297,caltech,California_Garage_02,2-6-3-1629,hard_disabled,DISABLED CHARGER,2019-03-29 05:00:00+00:00,2019-03-29 05:03:00+00:00,4,1,train,0.0,7.2,0.0,0.0,0.0,0.0,False,,0.0,,6.48,False,False,False,False
298,caltech,California_Garage_02,2-6-3-1629,hard_disabled,DISABLED CHARGER,2019-03-30 19:23:00+00:00,2019-03-30 19:55:00+00:00,33,1,train,0.0,7.2,0.0,0.0,0.0,0.0,False,0.0,0.0,0.0,0.0,False,False,False,False
299,caltech,California_Garage_02,2-6-3-1629,hard_disabled,DISABLED CHARGER,2019-04-01 19:25:00+00:00,2019-04-01 21:31:00+00:00,125,2,train,12.36,7.200000000000004,12.358334506666667,12.36,0.06544578699007625,0.08486866220703947,True,10.586482499999999,0.0,12.36,0.0,True,True,True,True
300,caltech,California_Garage_02,2-6-3-1629,hard_disabled,DISABLED CHARGER,2019-04-01 21:34:00+00:00,2019-04-01 21:34:00+00:00,1,1,train,0.0,7.2,0.0,0.0,0.0,0.0,False,0.0,2.227255,0.0,3.36,False,True,True,True
301,caltech,California_Garage_02,2-6-3-1629,hard_disabled,DISABLED CHARGER,2019-04-13 00:12:00+00:00,2019-04-13 00:15:00+00:00,4,1,train,0.0,7.2,0.0,0.0,0.0,0.0,False,0.0,0.0,0.0,0.0,False,False,False,False
302,caltech,California_Garage_02,2-6-3-1629,hard_disabled,DISABLED CHARGER,2019-04-20 18:43:00+00:00,2019-04-20 18:48:00+00:00,6,1,train,0.0,7.2,0.0,0.0,0.0,0.0,False,0.0,0.0,0.0,0.0,False,False,False,False
303,caltech,California_Garage_02,2-6-3-1629,hard_disabled,DISABLED CHARGER,2019-10-27 17:42:00+00:00,2019-10-27 17:42:00+00:00,1,1,validation,0.0,7.2,0.0,0.0,0.0,0.0,False,0.0,10.37676113960114,0.0,12.354125874125874,False,False,False,False
304,caltech,California_Garage_02,2-6-3-1629,hard_disabled,DISABLED CHARGER,2019-12-24 21:51:00+00:00,2019-12-24 21:51:00+00:00,1,1,stress,0.0,7.2,0.0,0.0,0.0,0.0,False,0.0,6.802284215686274,0.0,8.16,False,False,False,False
305,caltech,California_Garage_02,2-6-3-1629,pilot_violation,DISABLED PILOT VIOLATION,2019-06-03 16:00:00+00:00,2019-06-04 00:36:00+00:00,517,1,train,10.08,7.200000000000001,10.072650212765959,10.08,0.05408190364240553,0.08100572681557969,True,6.955653333333333,0.0,10.08,0.0,True,False,False,False
306,caltech,California_Garage_02,2-6-3-1629,pilot_violation,DISABLED PILOT VIOLATION,2019-06-30 21:43:00+00:00,2019-06-30 22:20:00+00:00,38,1,train,19.152,7.199999999999999,18.96738976973685,19.152,0.3666744402111906,0.3870167832155962,True,18.076917,0.0,19.152,0.0,True,False,False,False
307,caltech,California_Garage_02,2-6-3-1630,hard_disabled,DISABLED CHARGER,2019-03-21 14:29:00+00:00,2019-03-21 14:29:00+00:00,1,1,train,0.0,7.2,0.0,0.0,0.0,0.0,False,,0.0,,1.92,False,False,False,False
308,caltech,California_Garage_02,2-6-3-1630,hard_disabled,DISABLED CHARGER,2019-03-22 00:48:00+00:00,2019-03-22 00:59:00+00:00,12,1,train,0.0,7.2,0.0,0.0,0.0,0.0,False,,0.0,,1.92,False,False,False,False
309,caltech,California_Garage_02,2-6-3-1630,hard_disabled,DISABLED CHARGER,2019-03-22 02:56:00+00:00,2019-03-22 02:56:00+00:00,1,1,train,0.0,7.2,0.0,0.0,0.0,0.0,False,,0.0,,1.92,False,False,False,False
310,caltech,California_Garage_02,2-6-3-1630,hard_disabled,DISABLED CHARGER,2019-03-22 17:46:00+00:00,2019-03-22 20:16:00+00:00,151,1,train,10.992,7.200000000000004,10.992,10.992,0.05792299276029592,0.06730300836374441,True,9.620037333333332,0.0,10.992,0.0,True,False,False,False
311,caltech,California_Garage_02,2-6-3-1630,hard_disabled,DISABLED CHARGER,2019-03-22 20:19:00+00:00,2019-03-22 20:19:00+00:00,1,1,train,0.0,7.2,0.0,0.0,0.0,0.0,False,0.0,0.729,0.0,1.92,False,True,True,True
312,caltech,California_Garage_02,2-6-3-1630,hard_disabled,DISABLED CHARGER,2019-03-23 05:40:00+00:00,2019-03-23 05:40:00+00:00,1,1,train,0.0,7.2,0.0,0.0,0.0,0.0,False,,0.0,,1.2,False,False,False,False
313,caltech,California_Garage_02,2-6-3-1630,hard_disabled,DISABLED CHARGER,2019-03-23 06:05:00+00:00,2019-03-23 06:07:00+00:00,3,3,train,0.0,7.2,0.0,0.0,0.0,0.0,False,,0.0,,1.38,False,False,False,True
314,caltech,California_Garage_02,2-6-3-1630,hard_disabled,DISABLED CHARGER,2019-03-23 15:30:00+00:00,2019-03-23 15:30:00+00:00,1,1,train,0.0,7.2,0.0,0.0,0.0,0.0,False,,0.0,,1.92,False,False,False,False
315,caltech,California_Garage_02,2-6-3-1630,hard_disabled,DISABLED CHARGER,2019-03-24 00:08:00+00:00,2019-03-24 01:15:00+00:00,68,1,train,19.2,7.2,19.163089411764705,19.2,0.3482273563955228,0.45197740112994345,True,17.73212,0.0,19.2,0.0,True,False,False,False
316,caltech,California_Garage_02,2-6-3-1630,hard_disabled,DISABLED CHARGER,2019-03-24 01:29:00+00:00,2019-03-24 01:57:00+00:00,29,1,train,0.0,7.199999999999998,0.0,0.0,0.0,0.0,False,0.0,0.0,0.0,0.0,False,False,True,True
317,caltech,California_Garage_02,2-6-3-1630,hard_disabled,DISABLED CHARGER,2019-03-24 02:05:00+00:00,2019-03-24 02:07:00+00:00,3,1,train,0.0,7.2,0.0,0.0,0.0,0.0,False,0.0,0.0,0.0,0.0,False,False,True,True
318,caltech,California_Garage_02,2-6-3-1630,hard_disabled,DISABLED CHARGER,2019-03-24 21:09:00+00:00,2019-03-24 21:09:00+00:00,1,1,train,0.0,7.2,0.0,0.0,0.0,0.0,False,,0.0,,1.92,False,False,False,False
319,caltech,California_Garage_02,2-6-3-1630,hard_disabled,DISABLED CHARGER,2019-03-27 06:51:00+00:00,2019-03-27 06:51:00+00:00,1,1,train,0.0,7.2,0.0,0.0,0.0,0.0,False,,0.0,,1.92,False,False,False,False
320,caltech,California_Garage_02,2-6-3-1630,hard_disabled,DISABLED CHARGER,2019-03-28 01:52:00+00:00,2019-03-28 01:52:00+00:00,1,1,train,0.0,7.2,0.0,0.0,0.0,0.0,False,,0.0,,15.6,False,False,False,False
321,caltech,California_Garage_02,2-6-3-1630,hard_disabled,DISABLED CHARGER,2019-03-28 03:06:00+00:00,2019-03-28 03:07:00+00:00,2,1,train,0.0,7.2,0.0,0.0,0.0,0.0,False,,0.0,,18.672,False,False,False,False
322,caltech,California_Garage_02,2-6-3-1630,hard_disabled,DISABLED CHARGER,2019-03-28 03:18:00+00:00,2019-03-28 03:19:00+00:00,2,1,train,18.96,7.2,18.96,18.96,0.3779904306220096,0.3779904306220096,True,0.0,0.0,18.96,16.59,True,False,True,True
323,caltech,California_Garage_02,2-6-3-1630,hard_disabled,DISABLED CHARGER,2019-03-28 03:47:00+00:00,2019-03-28 03:47:00+00:00,1,1,train,0.0,7.2,0.0,0.0,0.0,0.0,False,,0.0,,1.92,False,False,False,True
324,caltech,California_Garage_02,2-6-3-1630,hard_disabled,DISABLED CHARGER,2019-03-29 05:00:00+00:00,2019-03-29 05:00:00+00:00,1,1,train,0.0,7.2,0.0,0.0,0.0,0.0,False,,0.0,,1.92,False,False,False,False
325,caltech,California_Garage_02,2-6-3-1630,hard_disabled,DISABLED CHARGER,2019-03-29 14:48:00+00:00,2019-03-29 14:48:00+00:00,1,1,train,0.0,7.2,0.0,0.0,0.0,0.0,False,,0.0,,-0.12,False,False,False,False
326,caltech,California_Garage_02,2-6-3-1630,hard_disabled,DISABLED CHARGER,2019-03-29 16:00:00+00:00,2019-03-29 16:03:00+00:00,4,1,train,0.0,7.2,0.0,0.0,0.0,0.0,False,,0.0,,6.96,False,False,False,False
327,caltech,California_Garage_02,2-6-3-1630,hard_disabled,DISABLED CHARGER,2019-04-06 16:18:00+00:00,2019-04-06 16:30:00+00:00,13,1,train,5.76,7.200000000000001,5.717452051282051,5.76,0.12678485812701035,0.14009141224077254,True,5.50125,0.0,5.76,0.0,True,False,True,True
328,caltech,California_Garage_02,2-6-3-1630,hard_disabled,DISABLED CHARGER,2019-04-06 16:37:00+00:00,2019-04-06 17:56:00+00:00,79,1,train,0.0,7.2000000000000055,0.0,0.0,0.0,0.0,False,0.0,0.0,0.0,0.0,False,False,True,True
329,caltech,California_Garage_02,2-6-3-1630,hard_disabled,DISABLED CHARGER,2019-04-06 18:00:00+00:00,2019-04-06 18:00:00+00:00,1,1,train,0.0,7.2,0.0,0.0,0.0,0.0,False,0.0,0.0,0.0,0.0,False,True,True,True
330,caltech,California_Garage_02,2-6-3-1630,hard_disabled,DISABLED CHARGER,2019-04-06 18:04:00+00:00,2019-04-06 20:36:00+00:00,151,1,train,0.0,7.200000000000004,0.0,0.0,0.0,0.0,False,0.0,0.0,0.0,0.0,False,True,True,True
331,caltech,California_Garage_02,2-6-3-1630,hard_disabled,DISABLED CHARGER,2019-04-13 11:57:00+00:00,2019-04-13 12:34:00+00:00,38,1,train,5.237485714285714,7.199999999999999,5.237485714285715,5.237485714285714,0.1592839372092914,0.1618631855556497,True,5.237485714285714,0.0,5.04,0.0,True,False,True,True
332,caltech,California_Garage_02,2-6-3-1630,hard_disabled,DISABLED CHARGER,2019-08-03 18:16:00+00:00,2019-08-03 18:16:00+00:00,1,1,train,13.275869565217391,7.2,13.275869565217391,13.275869565217391,0.22247430503599266,0.22247430503599266,True,10.716735833333333,8.873709248188405,13.241739130434782,13.066739130434783,True,True,True,True
333,caltech,California_Garage_02,2-6-3-1630,hard_disabled,DISABLED CHARGER,2019-08-14 02:14:00+00:00,2019-08-14 02:14:00+00:00,1,1,train,0.0,7.2,0.0,0.0,0.0,0.0,False,0.0,0.0,0.0,5.28,False,False,False,False
334,caltech,California_Garage_02,2-6-3-1630,pilot_violation,DISABLED PILOT VIOLATION,2019-04-05 02:19:00+00:00,2019-04-05 02:40:00+00:00,21,1,train,12.48,7.199999999999998,12.233294095238094,12.48,0.20852256935397948,0.3080211409645008,True,10.15644,0.0,12.48,0.0,True,False,False,False
335,caltech,California_Garage_02,2-6-3-1630,pilot_violation,DISABLED PILOT VIOLATION,2019-04-05 02:49:00+00:00,2019-04-05 03:17:00+00:00,27,1,train,0.0,7.199999999999999,0.0,0.0,0.0,0.0,False,0.0,0.0,0.0,0.0,False,False,True,True
336,caltech,California_Garage_02,2-6-3-1630,pilot_violation,DISABLED PILOT VIOLATION,2019-04-05 03:20:00+00:00,2019-04-05 03:21:00+00:00,2,1,train,0.0,7.2,0.0,0.0,0.0,0.0,False,0.0,0.0,0.0,0.0,False,True,True,True
337,caltech,California_Garage_02,2-6-3-1630,pilot_violation,DISABLED PILOT VIOLATION,2019-04-05 03:26:00+00:00,2019-04-05 04:45:00+00:00,80,1,train,0.0,7.200000000000001,0.0,0.0,0.0,0.0,False,0.0,0.0,0.0,0.0,False,True,True,True
338,caltech,California_Garage_02,2-6-3-1630,pilot_violation,DISABLED PILOT VIOLATION,2019-09-02 01:21:00+00:00,2019-09-02 02:46:00+00:00,86,1,validation,19.15,7.200000000000005,19.070049262229357,19.15,0.400754620696325,0.4414611062205488,True,17.956405416666666,0.0,19.15,0.0,True,False,False,False
339,caltech,California_Garage_02,2-6-3-1631,hard_disabled,DISABLED CHARGER,2019-03-24 22:11:00+00:00,2019-03-24 22:13:00+00:00,3,1,train,0.0,7.2,0.0,0.0,0.0,0.0,False,,0.0,,19.2,False,False,False,False
340,caltech,California_Garage_02,2-6-3-1631,hard_disabled,DISABLED CHARGER,2019-03-26 04:57:00+00:00,2019-03-26 04:57:00+00:00,1,1,train,0.0,7.2,0.0,0.0,0.0,0.0,False,,0.0,,1.92,False,False,False,False
341,caltech,California_Garage_02,2-6-3-1631,hard_disabled,DISABLED CHARGER,2019-03-27 21:17:00+00:00,2019-03-27 21:17:00+00:00,1,1,train,0.0,7.2,0.0,0.0,0.0,0.0,False,,0.0,,0.84,False,False,False,False
342,caltech,California_Garage_02,2-6-3-1631,hard_disabled,DISABLED CHARGER,2019-03-28 01:50:00+00:00,2019-03-28 01:50:00+00:00,1,1,train,0.0,7.2,0.0,0.0,0.0,0.0,False,,0.0,,0.0,False,False,False,False
343,caltech,California_Garage_02,2-6-3-1631,hard_disabled,DISABLED CHARGER,2019-03-28 03:18:00+00:00,2019-03-28 03:19:00+00:00,2,1,train,0.0,7.2,0.0,0.0,0.0,0.0,False,,0.0,,15.880000000000003,False,False,False,False
344,caltech,California_Garage_02,2-6-3-1631,hard_disabled,DISABLED CHARGER,2019-03-28 03:48:00+00:00,2019-03-28 03:48:00+00:00,1,1,train,0.0,7.2,0.0,0.0,0.0,0.0,False,,0.0,,1.92,False,False,False,True
345,caltech,California_Garage_02,2-6-3-1631,hard_disabled,DISABLED CHARGER,2019-03-29 05:00:00+00:00,2019-03-29 05:00:00+00:00,1,1,train,0.0,7.2,0.0,0.0,0.0,0.0,False,,0.0,,0.96,False,False,False,False
346,caltech,California_Garage_02,2-6-3-1631,hard_disabled,DISABLED CHARGER,2019-03-29 14:51:00+00:00,2019-03-29 14:53:00+00:00,3,1,train,0.0,7.2,0.0,0.0,0.0,0.0,False,,0.0,,9.48,False,False,False,False
347,caltech,California_Garage_02,2-6-3-1631,hard_disabled,DISABLED CHARGER,2019-03-30 09:06:00+00:00,2019-03-30 14:55:00+00:00,349,1,train,8.64,7.200000000000003,8.64,8.64,0.47058420297445536,1.0,True,8.0586,0.0,8.64,0.0,True,False,False,False
348,caltech,California_Garage_02,2-6-3-1631,hard_disabled,DISABLED CHARGER,2019-03-30 14:58:00+00:00,2019-03-30 14:58:00+00:00,1,1,train,0.0,7.2,0.0,0.0,0.0,0.0,False,0.0,0.0,0.0,0.0,False,True,True,True
349,caltech,California_Garage_02,2-6-3-1631,hard_disabled,DISABLED CHARGER,2019-03-30 15:01:00+00:00,2019-03-30 15:01:00+00:00,1,1,train,0.0,7.2,0.0,0.0,0.0,0.0,False,0.0,0.0,0.0,0.0,False,True,True,True
350,caltech,California_Garage_02,2-6-3-1631,hard_disabled,DISABLED CHARGER,2019-04-07 04:42:00+00:00,2019-04-07 06:54:00+00:00,133,2,train,11.52,7.200000000000001,11.519999999999998,11.52,0.2951103336122509,0.3779527559055118,True,10.592717142857142,0.0,11.52,0.0,True,False,False,True
351,caltech,California_Garage_02,2-6-3-1631,hard_disabled,DISABLED CHARGER,2019-04-11 04:15:00+00:00,2019-04-11 04:15:00+00:00,1,1,train,0.0,7.2,0.0,0.0,0.0,0.0,False,0.0,0.33543999999999996,0.0,0.0,False,False,False,False
352,caltech,California_Garage_02,2-6-3-1631,hard_disabled,DISABLED CHARGER,2019-04-11 22:19:00+00:00,2019-04-11 22:19:00+00:00,1,1,train,0.0,7.2,0.0,0.0,0.0,0.0,False,0.0,0.0,0.0,0.0,False,False,False,False
353,caltech,California_Garage_02,2-6-3-1631,hard_disabled,DISABLED CHARGER,2019-04-15 06:36:00+00:00,2019-04-15 07:25:00+00:00,50,1,train,0.0,7.2,0.0,0.0,0.0,0.0,False,0.0,0.0,0.0,0.0,False,False,False,False
354,caltech,California_Garage_02,2-6-3-1631,hard_disabled,DISABLED CHARGER,2019-04-15 19:09:00+00:00,2019-04-15 19:47:00+00:00,38,1,train,12.0,7.199999999999999,12.0,12.0,0.053715621762900186,0.055576315367789536,True,10.80918,0.0,12.0,0.0,True,False,False,False
355,caltech,California_Garage_02,2-6-3-1631,hard_disabled,DISABLED CHARGER,2019-04-15 19:53:00+00:00,2019-04-15 19:53:00+00:00,1,1,train,0.0,7.2,0.0,0.0,0.0,0.0,False,0.0,0.0,0.0,0.0,False,False,True,True
356,caltech,California_Garage_02,2-6-3-1631,hard_disabled,DISABLED CHARGER,2019-04-15 19:56:00+00:00,2019-04-15 22:16:00+00:00,137,1,train,0.0,7.200000000000001,0.0,0.0,0.0,0.0,False,0.0,0.0,0.0,0.0,False,True,True,True
357,caltech,California_Garage_02,2-6-3-1631,hard_disabled,DISABLED CHARGER,2019-04-15 22:23:00+00:00,2019-04-15 22:23:00+00:00,1,1,train,0.0,7.2,0.0,0.0,0.0,0.0,False,0.0,0.0,0.0,0.0,False,False,True,True
358,caltech,California_Garage_02,2-6-3-1631,hard_disabled,DISABLED CHARGER,2019-04-15 22:26:00+00:00,2019-04-15 22:56:00+00:00,30,1,train,0.0,7.199999999999998,0.0,0.0,0.0,0.0,False,0.0,0.0,0.0,0.0,False,True,True,True
359,caltech,California_Garage_02,2-6-3-1631,hard_disabled,DISABLED CHARGER,2019-04-15 23:00:00+00:00,2019-04-15 23:08:00+00:00,9,1,train,0.0,7.199999999999999,0.0,0.0,0.0,0.0,False,0.0,0.0,0.0,0.0,False,True,True,True
360,caltech,California_Garage_02,2-6-3-1631,hard_disabled,DISABLED CHARGER,2019-04-15 23:16:00+00:00,2019-04-15 23:34:00+00:00,18,1,train,0.0,7.199999999999999,0.0,0.0,0.0,0.0,False,0.0,0.0,0.0,0.0,False,False,True,True
361,caltech,California_Garage_02,2-6-3-1631,hard_disabled,DISABLED CHARGER,2019-04-15 23:45:00+00:00,2019-04-16 00:05:00+00:00,21,1,train,0.0,7.199999999999998,0.0,0.0,0.0,0.0,False,0.0,0.0,0.0,0.0,False,False,True,True
362,caltech,California_Garage_02,2-6-3-1631,hard_disabled,DISABLED CHARGER,2019-04-16 00:17:00+00:00,2019-04-16 00:59:00+00:00,41,1,train,0.0,7.199999999999999,0.0,0.0,0.0,0.0,False,0.0,0.0,0.0,0.0,False,False,True,True
363,caltech,California_Garage_02,2-6-3-1631,hard_disabled,DISABLED CHARGER,2019-04-16 01:11:00+00:00,2019-04-16 02:09:00+00:00,59,1,train,0.0,7.2,0.0,0.0,0.0,0.0,False,0.0,0.0,0.0,0.0,False,False,True,True
364,caltech,California_Garage_02,2-6-3-1631,hard_disabled,DISABLED CHARGER,2019-10-26 17:27:00+00:00,2019-10-26 17:27:00+00:00,1,1,validation,0.0,7.2,0.0,0.0,0.0,0.0,False,0.0,0.09609666666666666,0.0,1.92,False,False,False,True
365,caltech,California_Garage_02,2-6-3-1631,hard_disabled,DISABLED CHARGER,2020-03-12 07:01:00+00:00,2020-03-12 07:01:00+00:00,1,1,validation,1.44,7.2,1.44,1.44,0.05937175488950968,0.05937175488950968,True,0.0,0.0,0.6171428571428572,0.0,True,True,True,True
366,caltech,California_Garage_02,2-6-3-1631,hard_disabled,DISABLED CHARGER,2020-03-21 03:52:00+00:00,2020-03-21 03:52:00+00:00,1,1,validation,1.44,7.2,1.44,1.44,0.07598072952512043,0.07598072952512043,True,0.0,1.462466294117647,1.44,1.92,True,False,False,False
367,caltech,California_Garage_02,2-6-3-1631,hard_disabled,DISABLED CHARGER,2020-06-16 05:02:00+00:00,2020-06-16 05:02:00+00:00,1,1,test,12.24,7.2,11.477568,11.477568,0.4734152329550353,0.4734152329550353,True,0.0,3.7424939999999998,12.24,3.84,True,True,True,True
368,caltech,California_Garage_02,2-6-3-1631,pilot_violation,DISABLED PILOT VIOLATION,2019-04-22 16:41:00+00:00,2019-04-22 16:41:00+00:00,1,1,train,12.72,7.2,9.05535,9.05535,0.0370543079321755,0.0370543079321755,True,10.82916,0.0,12.72,0.0,True,False,False,False
369,caltech,California_Garage_02,2-6-3-1632,hard_disabled,DISABLED CHARGER,2019-03-24 21:20:00+00:00,2019-03-24 21:22:00+00:00,3,1,train,0.0,7.2,0.0,0.0,0.0,0.0,False,,0.0,,18.48,False,False,False,False
370,caltech,California_Garage_02,2-6-3-1632,hard_disabled,DISABLED CHARGER,2019-03-25 01:54:00+00:00,2019-03-25 01:55:00+00:00,2,1,train,0.0,7.2,0.0,0.0,0.0,0.0,False,,0.0,,16.8,False,False,False,False
371,caltech,California_Garage_02,2-6-3-1632,hard_disabled,DISABLED CHARGER,2019-03-26 04:57:00+00:00,2019-03-26 04:57:00+00:00,1,1,train,0.0,7.2,0.0,0.0,0.0,0.0,False,,0.0,,1.92,False,False,False,False
372,caltech,California_Garage_02,2-6-3-1632,hard_disabled,DISABLED CHARGER,2019-03-27 06:51:00+00:00,2019-03-27 06:52:00+00:00,2,1,train,0.0,7.2,0.0,0.0,0.0,0.0,False,,0.0,,17.22,False,False,False,False
373,caltech,California_Garage_02,2-6-3-1632,hard_disabled,DISABLED CHARGER,2019-03-27 21:17:00+00:00,2019-03-27 21:18:00+00:00,2,1,train,0.0,7.2,0.0,0.0,0.0,0.0,False,,0.0,,1.44,False,False,False,False
374,caltech,California_Garage_02,2-6-3-1632,hard_disabled,DISABLED CHARGER,2019-03-28 01:50:00+00:00,2019-03-28 01:50:00+00:00,1,1,train,0.0,7.2,0.0,0.0,0.0,0.0,False,,0.0,,1.92,False,False,False,False
375,caltech,California_Garage_02,2-6-3-1632,hard_disabled,DISABLED CHARGER,2019-03-28 03:06:00+00:00,2019-03-28 03:06:00+00:00,1,1,train,0.0,7.2,0.0,0.0,0.0,0.0,False,,0.0,,1.92,False,False,False,False
376,caltech,California_Garage_02,2-6-3-1632,hard_disabled,DISABLED CHARGER,2019-03-28 03:45:00+00:00,2019-03-28 03:48:00+00:00,4,2,train,0.0,7.2,0.0,0.0,0.0,0.0,False,,0.0,,1.92,False,False,False,False
377,caltech,California_Garage_02,2-6-3-1632,hard_disabled,DISABLED CHARGER,2019-03-29 05:00:00+00:00,2019-03-29 05:00:00+00:00,1,1,train,0.0,7.2,0.0,0.0,0.0,0.0,False,,0.0,,1.92,False,False,False,False
378,caltech,California_Garage_02,2-6-3-1632,hard_disabled,DISABLED CHARGER,2019-03-29 14:47:00+00:00,2019-03-29 14:49:00+00:00,3,1,train,0.0,7.2,0.0,0.0,0.0,0.0,False,,0.0,,19.2,False,False,False,False
379,caltech,California_Garage_02,2-6-3-1632,hard_disabled,DISABLED CHARGER,2019-04-04 04:36:00+00:00,2019-04-04 05:02:00+00:00,27,1,train,1.728,7.199999999999999,1.7280000000000002,1.728,0.11752931947406882,0.1258741258741259,True,0.0,0.0,0.0,0.0,True,False,False,True
380,caltech,California_Garage_02,2-6-3-1632,hard_disabled,DISABLED CHARGER,2019-04-15 19:13:00+00:00,2019-04-15 22:15:00+00:00,182,1,train,11.52,7.200000000000003,11.519999999999996,11.52,0.053063964015027214,0.0709487301060735,True,10.73856,0.0,11.52,0.0,True,True,True,True
381,caltech,California_Garage_02,2-6-3-1632,hard_disabled,DISABLED CHARGER,2019-04-15 22:22:00+00:00,2019-04-15 22:22:00+00:00,1,1,train,0.0,7.2,0.0,0.0,0.0,0.0,False,0.0,0.0,0.0,0.0,False,False,True,True
382,caltech,California_Garage_02,2-6-3-1632,hard_disabled,DISABLED CHARGER,2019-04-15 22:26:00+00:00,2019-04-15 22:56:00+00:00,30,1,train,0.0,7.199999999999998,0.0,0.0,0.0,0.0,False,0.0,0.0,0.0,0.0,False,True,True,True
383,caltech,California_Garage_02,2-6-3-1632,hard_disabled,DISABLED CHARGER,2019-04-15 23:00:00+00:00,2019-04-15 23:08:00+00:00,9,1,train,0.0,7.199999999999999,0.0,0.0,0.0,0.0,False,0.0,0.0,0.0,0.0,False,True,True,True
384,caltech,California_Garage_02,2-6-3-1632,hard_disabled,DISABLED CHARGER,2019-04-15 23:13:00+00:00,2019-04-15 23:33:00+00:00,20,1,train,0.0,7.199999999999998,0.0,0.0,0.0,0.0,False,0.0,0.0,0.0,0.0,False,True,True,True
385,caltech,California_Garage_02,2-6-3-1632,hard_disabled,DISABLED CHARGER,2019-04-15 23:36:00+00:00,2019-04-15 23:37:00+00:00,2,1,train,0.0,7.2,0.0,0.0,0.0,0.0,False,0.0,0.0,0.0,0.0,False,True,True,True
386,caltech,California_Garage_02,2-6-3-1632,hard_disabled,DISABLED CHARGER,2019-04-15 23:45:00+00:00,2019-04-16 00:29:00+00:00,45,1,train,0.0,7.199999999999998,0.0,0.0,0.0,0.0,False,0.0,0.0,0.0,0.0,False,False,True,True
387,caltech,California_Garage_02,2-6-3-1632,hard_disabled,DISABLED CHARGER,2019-06-19 21:52:00+00:00,2019-06-19 21:52:00+00:00,1,1,train,0.0,7.2,0.0,0.0,0.0,0.0,False,0.0,0.0,0.0,0.8959999999999999,False,True,True,True
388,caltech,California_Garage_02,2-6-3-1632,hard_disabled,DISABLED CHARGER,2019-06-21 21:02:00+00:00,2019-06-21 21:02:00+00:00,1,1,train,0.0,7.2,0.0,0.0,0.0,0.0,False,0.0,1.8453487499999999,0.0,1.92,False,False,False,False
389,caltech,California_Garage_02,2-6-3-1632,hard_disabled,DISABLED CHARGER,2019-08-11 22:08:00+00:00,2019-08-11 22:08:00+00:00,1,1,train,0.0,7.2,0.0,0.0,0.0,0.0,False,0.0,0.0,0.0,18.525,False,False,False,False
390,caltech,California_Garage_02,2-6-3-1632,hard_disabled,DISABLED CHARGER,2019-08-22 20:41:00+00:00,2019-08-22 20:41:00+00:00,1,1,train,0.0,7.2,0.0,0.0,0.0,0.0,False,0.0,6.2713901,0.0,9.12,False,False,False,False
391,caltech,California_Garage_02,2-6-3-1632,hard_disabled,DISABLED CHARGER,2019-10-20 17:32:00+00:00,2019-10-20 17:32:00+00:00,1,1,validation,0.0,7.2,0.0,0.0,0.0,0.0,False,0.0,1.884178,0.0,1.92,False,False,False,False
392,caltech,California_Garage_02,2-6-3-1632,hard_disabled,DISABLED CHARGER,2019-12-01 18:32:00+00:00,2019-12-01 18:32:00+00:00,1,1,stress,0.0,7.2,0.0,0.0,0.0,0.0,False,0.0,0.6320399999999999,0.0,1.8285714285714285,False,False,False,False
393,caltech,California_Garage_02,2-6-3-1632,pilot_violation,DISABLED PILOT VIOLATION,2019-03-25 16:24:00+00:00,2019-03-25 18:32:00+00:00,128,1,train,7.92,7.200000000000002,7.916839042968752,7.92,0.03235592682335052,0.037697806355137385,True,7.336094999999999,0.0,7.92,0.0,True,False,False,False
394,caltech,California_Garage_02,2-6-3-1632,pilot_violation,DISABLED PILOT VIOLATION,2019-03-31 05:38:00+00:00,2019-03-31 05:39:00+00:00,2,1,train,12.48,7.2,11.65437,12.03762,0.381593365973257,0.39035502739835304,True,10.665983999999998,0.22119,12.48,0.0,True,False,False,False
395,caltech,California_Garage_02,2-6-3-1632,pilot_violation,DISABLED PILOT VIOLATION,2019-05-18 23:04:00+00:00,2019-05-18 23:46:00+00:00,43,1,train,18.0,7.199999999999999,17.984604312896405,18.0,0.32927519371678965,0.40187541862022774,True,7.26173,0.0,18.0,0.0,True,False,False,False
396,caltech,California_Garage_02,2-6-3-1632,pilot_violation,DISABLED PILOT VIOLATION,2020-01-27 02:46:00+00:00,2020-01-27 04:22:00+00:00,97,1,validation,19.2,7.200000000000002,19.199999999999996,19.2,0.21409227861083557,0.34239238595420834,True,18.27018727272727,0.0,19.2,0.0,True,False,False,False
