hypothesis,interval_start,hour_from_start,p_sched_kw,p_actual_mean_kw,error_kw,abs_error_kw,signed_energy_deviation_kwh,abs_energy_deviation_kwh,unfulfilled_energy_kwh,actual_sample_count
S0_raw_label,2024-05-28 12:00:00,0.0,0.0,-1.5055555555555555,-1.5055555555555555,1.5055555555555555,-0.3763888888888889,0.3763888888888889,0.0,900
S0_raw_label,2024-05-28 12:15:00,0.25,0.0,-1.7144444444444444,-1.7144444444444444,1.7144444444444444,-0.4286111111111111,0.4286111111111111,0.0,900
S0_raw_label,2024-05-28 12:30:00,0.5,0.0,-1.6177777777777778,-1.6177777777777778,1.6177777777777778,-0.40444444444444444,0.40444444444444444,0.0,900
S0_raw_label,2024-05-28 12:45:00,0.75,-100.00000000000006,-99.82444444444444,0.17555555555561853,0.17555555555561853,0.04388888888890463,0.04388888888890463,0.04388888888890463,900
S0_raw_label,2024-05-28 13:00:00,1.0,0.0,-2.6577777777777776,-2.6577777777777776,2.6577777777777776,-0.6644444444444444,0.6644444444444444,0.0,900
S0_raw_label,2024-05-28 13:15:00,1.25,0.0,-1.72,-1.72,1.72,-0.43,0.43,0.0,900
S0_raw_label,2024-05-28 13:30:00,1.5,0.0,-1.9655555555555555,-1.9655555555555555,1.9655555555555555,-0.4913888888888889,0.4913888888888889,0.0,900
S0_raw_label,2024-05-28 13:45:00,1.75,0.0,-1.6555555555555554,-1.6555555555555554,1.6555555555555554,-0.41388888888888886,0.41388888888888886,0.0,900
S0_raw_label,2024-05-28 14:00:00,2.0,0.0,-1.8055555555555556,-1.8055555555555556,1.8055555555555556,-0.4513888888888889,0.4513888888888889,0.0,900
S0_raw_label,2024-05-28 14:15:00,2.25,0.0,-1.65,-1.65,1.65,-0.4125,0.4125,0.0,900
S0_raw_label,2024-05-28 14:30:00,2.5,0.0,-1.7466666666666666,-1.7466666666666666,1.7466666666666666,-0.43666666666666665,0.43666666666666665,0.0,900
S0_raw_label,2024-05-28 14:45:00,2.75,0.0,-1.8966666666666667,-1.8966666666666667,1.8966666666666667,-0.4741666666666667,0.4741666666666667,0.0,900
S0_raw_label,2024-05-28 15:00:00,3.0,-2520.0,-2488.8922222222222,31.107777777777756,31.107777777777756,7.776944444444439,7.776944444444439,7.776944444444439,900
S0_raw_label,2024-05-28 15:15:00,3.25,0.0,-32.111111111111114,-32.111111111111114,32.111111111111114,-8.027777777777779,8.027777777777779,0.0,900
S0_raw_label,2024-05-28 15:30:00,3.5,0.0,-1.8022222222222222,-1.8022222222222222,1.8022222222222222,-0.45055555555555554,0.45055555555555554,0.0,900
S0_raw_label,2024-05-28 15:45:00,3.75,-2.049915792667889e-12,-1.7466666666666666,-1.7466666666646167,1.7466666666646167,-0.43666666666615417,0.43666666666615417,0.0,900
S0_raw_label,2024-05-28 16:00:00,4.0,-1311.646466611228,-1296.2977777777778,15.348688833450296,15.348688833450296,3.837172208362574,3.837172208362574,3.837172208362574,900
S0_raw_label,2024-05-28 16:15:00,4.25,0.0,-15.916666666666666,-15.916666666666666,15.916666666666666,-3.9791666666666665,3.9791666666666665,0.0,900
S0_raw_label,2024-05-28 16:30:00,4.5,0.0,-1.8177777777777777,-1.8177777777777777,1.8177777777777777,-0.45444444444444443,0.45444444444444443,0.0,900
S0_raw_label,2024-05-28 16:45:00,4.75,0.0,-1.8166666666666667,-1.8166666666666667,1.8166666666666667,-0.45416666666666666,0.45416666666666666,0.0,900
S0_raw_label,2024-05-28 17:00:00,5.0,-99.99999999999972,-100.01777777777778,-0.017777777778064774,0.017777777778064774,-0.0044444444445161935,0.0044444444445161935,0.0,900
S0_raw_label,2024-05-28 17:15:00,5.25,0.0,-2.918888888888889,-2.918888888888889,2.918888888888889,-0.7297222222222223,0.7297222222222223,0.0,900
S0_raw_label,2024-05-28 17:30:00,5.5,0.0,-1.5788888888888888,-1.5788888888888888,1.5788888888888888,-0.3947222222222222,0.3947222222222222,0.0,900
S0_raw_label,2024-05-28 17:45:00,5.75,0.0,-1.6344444444444444,-1.6344444444444444,1.6344444444444444,-0.4086111111111111,0.4086111111111111,0.0,900
S0_raw_label,2024-05-28 18:00:00,6.0,0.0,-1.8644444444444443,-1.8644444444444443,1.8644444444444443,-0.4661111111111111,0.4661111111111111,0.0,900
S0_raw_label,2024-05-28 18:15:00,6.25,0.0,-1.741111111111111,-1.741111111111111,1.741111111111111,-0.43527777777777776,0.43527777777777776,0.0,900
S0_raw_label,2024-05-28 18:30:00,6.5,2352.026252736966,2322.5666666666666,-29.459586070299338,29.459586070299338,-7.364896517574834,7.364896517574834,7.364896517574834,900
S0_raw_label,2024-05-28 18:45:00,6.75,2352.026252736965,2352.5544444444445,0.5281917074794364,0.5281917074794364,0.1320479268698591,0.1320479268698591,0.0,900
S0_raw_label,2024-05-28 19:00:00,7.0,2352.026252736964,2351.8444444444444,-0.18180829251969044,0.18180829251969044,-0.04545207312992261,0.04545207312992261,0.04545207312992261,900
S0_raw_label,2024-05-28 19:15:00,7.25,400.6714926347517,423.6688888888889,22.997396254137186,22.997396254137186,5.7493490635342965,5.7493490635342965,0.0,900
S0_raw_label,2024-05-28 19:30:00,7.5,0.0,2.0744444444444445,2.0744444444444445,2.0744444444444445,0.5186111111111111,0.5186111111111111,0.0,900
S0_raw_label,2024-05-28 19:45:00,7.75,-115.8441276945103,-115.10444444444444,0.7396832500658661,0.7396832500658661,0.18492081251646653,0.18492081251646653,0.18492081251646653,900
S0_raw_label,2024-05-28 20:00:00,8.0,0.0,-2.6533333333333333,-2.6533333333333333,2.6533333333333333,-0.6633333333333333,0.6633333333333333,0.0,900
S0_raw_label,2024-05-28 20:15:00,8.25,-2.682298827494378e-13,-1.5422222222222222,-1.542222222221954,1.542222222221954,-0.3855555555554885,0.3855555555554885,0.0,900
S0_raw_label,2024-05-28 20:30:00,8.5,0.0,-1.5977777777777777,-1.5977777777777777,1.5977777777777777,-0.39944444444444444,0.39944444444444444,0.0,900
S0_raw_label,2024-05-28 20:45:00,8.75,0.0,-1.4744444444444444,-1.4744444444444444,1.4744444444444444,-0.3686111111111111,0.3686111111111111,0.0,900
S0_raw_label,2024-05-28 21:00:00,9.0,0.0,-1.24,-1.24,1.24,-0.31,0.31,0.0,900
S0_raw_label,2024-05-28 21:15:00,9.25,0.0,-1.4344444444444444,-1.4344444444444444,1.4344444444444444,-0.3586111111111111,0.3586111111111111,0.0,900
S0_raw_label,2024-05-28 21:30:00,9.5,0.0,-1.471111111111111,-1.471111111111111,1.471111111111111,-0.36777777777777776,0.36777777777777776,0.0,900
S0_raw_label,2024-05-28 21:45:00,9.75,-132.4159784445837,-129.82888888888888,2.587089555694803,2.587089555694803,0.6467723889237007,0.6467723889237007,0.6467723889237007,900
S0_raw_label,2024-05-28 22:00:00,10.0,0.0,-2.9966666666666666,-2.9966666666666666,2.9966666666666666,-0.7491666666666666,0.7491666666666666,0.0,900
S0_raw_label,2024-05-28 22:15:00,10.25,0.0,-1.6955555555555555,-1.6955555555555555,1.6955555555555555,-0.42388888888888887,0.42388888888888887,0.0,900
S0_raw_label,2024-05-28 22:30:00,10.5,0.0,-1.5,-1.5,1.5,-0.375,0.375,0.0,900
S0_raw_label,2024-05-28 22:45:00,10.75,0.0,-1.6433333333333333,-1.6433333333333333,1.6433333333333333,-0.41083333333333333,0.41083333333333333,0.0,900
S0_raw_label,2024-05-28 23:00:00,11.0,0.0,-1.7566666666666666,-1.7566666666666666,1.7566666666666666,-0.43916666666666665,0.43916666666666665,0.0,900
S0_raw_label,2024-05-28 23:15:00,11.25,0.0,-1.741111111111111,-1.741111111111111,1.741111111111111,-0.43527777777777776,0.43527777777777776,0.0,900
S0_raw_label,2024-05-28 23:30:00,11.5,0.0,-1.8644444444444443,-1.8644444444444443,1.8644444444444443,-0.4661111111111111,0.4661111111111111,0.0,900
S0_raw_label,2024-05-28 23:45:00,11.75,-2520.0,-2489.268888888889,30.731111111111204,30.731111111111204,7.682777777777801,7.682777777777801,7.682777777777801,900
S0_raw_label,2024-05-29 00:00:00,12.0,0.0,-32.51444444444444,-32.51444444444444,32.51444444444444,-8.12861111111111,8.12861111111111,0.0,900
S0_raw_label,2024-05-29 00:15:00,12.25,0.0,-1.721111111111111,-1.721111111111111,1.721111111111111,-0.43027777777777776,0.43027777777777776,0.0,900
S0_raw_label,2024-05-29 00:30:00,12.5,-99.99999999999908,-99.77777777777777,0.22222222222130483,0.22222222222130483,0.05555555555532621,0.05555555555532621,0.05555555555532621,900
S0_raw_label,2024-05-29 00:45:00,12.75,-2520.0,-2489.831111111111,30.168888888888887,30.168888888888887,7.542222222222222,7.542222222222222,7.542222222222222,900
S0_raw_label,2024-05-29 01:00:00,13.0,-2520.0,-2520.5555555555557,-0.5555555555556566,0.5555555555556566,-0.13888888888891415,0.13888888888891415,0.0,900
S0_raw_label,2024-05-29 01:15:00,13.25,-99.99999999999908,-128.51,-28.510000000000915,28.510000000000915,-7.127500000000229,7.127500000000229,0.0,900
S0_raw_label,2024-05-29 01:30:00,13.5,0.0,-2.8722222222222222,-2.8722222222222222,2.8722222222222222,-0.7180555555555556,0.7180555555555556,0.0,900
S0_raw_label,2024-05-29 01:45:00,13.75,0.0,-1.6222222222222222,-1.6222222222222222,1.6222222222222222,-0.40555555555555556,0.40555555555555556,0.0,900
S0_raw_label,2024-05-29 02:00:00,14.0,-879.9129314942543,-869.6322222222223,10.280709272032027,10.280709272032027,2.5701773180080068,2.5701773180080068,2.5701773180080068,900
S0_raw_label,2024-05-29 02:15:00,14.25,-100.0,-108.42666666666666,-8.426666666666662,8.426666666666662,-2.1066666666666656,2.1066666666666656,0.0,900
S0_raw_label,2024-05-29 02:30:00,14.5,0.0,-2.7,-2.7,2.7,-0.675,0.675,0.0,900
S0_raw_label,2024-05-29 02:45:00,14.75,0.0,-1.7333333333333334,-1.7333333333333334,1.7333333333333334,-0.43333333333333335,0.43333333333333335,0.0,900
S0_raw_label,2024-05-29 03:00:00,15.0,-99.99999999999908,-99.72777777777777,0.272222222221302,0.272222222221302,0.0680555555553255,0.0680555555553255,0.0680555555553255,900
S0_raw_label,2024-05-29 03:15:00,15.25,0.0,-2.5755555555555554,-2.5755555555555554,2.5755555555555554,-0.6438888888888888,0.6438888888888888,0.0,900
S0_raw_label,2024-05-29 03:30:00,15.5,0.0,-1.8355555555555556,-1.8355555555555556,1.8355555555555556,-0.4588888888888889,0.4588888888888889,0.0,900
S0_raw_label,2024-05-29 03:45:00,15.75,0.0,-1.9633333333333334,-1.9633333333333334,1.9633333333333334,-0.49083333333333334,0.49083333333333334,0.0,900
S0_raw_label,2024-05-29 04:00:00,16.0,0.0,-1.5911111111111111,-1.5911111111111111,1.5911111111111111,-0.3977777777777778,0.3977777777777778,0.0,900
S0_raw_label,2024-05-29 04:15:00,16.25,0.0,-1.6433333333333333,-1.6433333333333333,1.6433333333333333,-0.41083333333333333,0.41083333333333333,0.0,900
S0_raw_label,2024-05-29 04:30:00,16.5,0.0,-1.3888888888888888,-1.3888888888888888,1.3888888888888888,-0.3472222222222222,0.3472222222222222,0.0,900
S0_raw_label,2024-05-29 04:45:00,16.75,2352.026252736965,2322.826666666667,-29.19958607029821,29.19958607029821,-7.2998965175745525,7.2998965175745525,7.2998965175745525,900
S0_raw_label,2024-05-29 05:00:00,17.0,0.0,26.31111111111111,26.31111111111111,26.31111111111111,6.5777777777777775,6.5777777777777775,0.0,900
S0_raw_label,2024-05-29 05:15:00,17.25,0.0,-1.9155555555555555,-1.9155555555555555,1.9155555555555555,-0.47888888888888886,0.47888888888888886,0.0,900
S0_raw_label,2024-05-29 05:30:00,17.5,309.7094400725797,301.81666666666666,-7.892773405913033,7.892773405913033,-1.9731933514782583,1.9731933514782583,1.9731933514782583,900
S0_raw_label,2024-05-29 05:45:00,17.75,2352.0262527369646,2329.0433333333335,-22.98291940363106,22.98291940363106,-5.745729850907765,5.745729850907765,5.745729850907765,900
S0_raw_label,2024-05-29 06:00:00,18.0,2352.0262527369646,2352.5788888888887,0.5526361519241618,0.5526361519241618,0.13815903798104046,0.13815903798104046,0.0,900
S0_raw_label,2024-05-29 06:15:00,18.25,0.0,25.15888888888889,25.15888888888889,25.15888888888889,6.289722222222222,6.289722222222222,0.0,900
S0_raw_label,2024-05-29 06:30:00,18.5,0.0,-1.4833333333333334,-1.4833333333333334,1.4833333333333334,-0.37083333333333335,0.37083333333333335,0.0,900
S0_raw_label,2024-05-29 06:45:00,18.75,0.0,-1.3266666666666667,-1.3266666666666667,1.3266666666666667,-0.33166666666666667,0.33166666666666667,0.0,900
S0_raw_label,2024-05-29 07:00:00,19.0,0.0,-1.4022222222222223,-1.4022222222222223,1.4022222222222223,-0.35055555555555556,0.35055555555555556,0.0,900
S0_raw_label,2024-05-29 07:15:00,19.25,0.0,-1.5033333333333334,-1.5033333333333334,1.5033333333333334,-0.37583333333333335,0.37583333333333335,0.0,900
S0_raw_label,2024-05-29 07:30:00,19.5,-99.99999999999908,-100.31444444444445,-0.3144444444453711,0.3144444444453711,-0.07861111111134278,0.07861111111134278,0.0,900
S0_raw_label,2024-05-29 07:45:00,19.75,0.0,-2.6,-2.6,2.6,-0.65,0.65,0.0,900
S0_raw_label,2024-05-29 08:00:00,20.0,0.0,-1.4377777777777778,-1.4377777777777778,1.4377777777777778,-0.35944444444444446,0.35944444444444446,0.0,900
S0_raw_label,2024-05-29 08:15:00,20.25,0.0,-1.6633333333333333,-1.6633333333333333,1.6633333333333333,-0.41583333333333333,0.41583333333333333,0.0,900
S0_raw_label,2024-05-29 08:30:00,20.5,0.0,-1.7255555555555555,-1.7255555555555555,1.7255555555555555,-0.4313888888888889,0.4313888888888889,0.0,900
S0_raw_label,2024-05-29 08:45:00,20.75,-99.99999999999908,-100.06666666666666,-0.06666666666758658,0.06666666666758658,-0.016666666666896646,0.016666666666896646,0.0,900
S0_raw_label,2024-05-29 09:00:00,21.0,0.0,-2.83,-2.83,2.83,-0.7075,0.7075,0.0,900
S0_raw_label,2024-05-29 09:15:00,21.25,0.0,-1.6633333333333333,-1.6633333333333333,1.6633333333333333,-0.41583333333333333,0.41583333333333333,0.0,900
S0_raw_label,2024-05-29 09:30:00,21.5,0.0,-1.8488888888888888,-1.8488888888888888,1.8488888888888888,-0.4622222222222222,0.4622222222222222,0.0,900
S0_raw_label,2024-05-29 09:45:00,21.75,-2520.0,-2489.1588888888887,30.84111111111133,30.84111111111133,7.710277777777833,7.710277777777833,7.710277777777833,900
S0_raw_label,2024-05-29 10:00:00,22.0,0.0,-30.892222222222223,-30.892222222222223,30.892222222222223,-7.723055555555556,7.723055555555556,0.0,900
S0_raw_label,2024-05-29 10:15:00,22.25,0.0,-1.8844444444444444,-1.8844444444444444,1.8844444444444444,-0.4711111111111111,0.4711111111111111,0.0,900
S0_raw_label,2024-05-29 10:30:00,22.5,-99.99999999999962,-99.85888888888888,0.1411111111107317,0.1411111111107317,0.03527777777768293,0.03527777777768293,0.03527777777768293,900
S0_raw_label,2024-05-29 10:45:00,22.75,-2495.991261984779,-2467.552222222222,28.43903976255706,28.43903976255706,7.109759940639265,7.109759940639265,7.109759940639265,900
S0_raw_label,2024-05-29 11:00:00,23.0,0.0,-31.026666666666667,-31.026666666666667,31.026666666666667,-7.756666666666667,7.756666666666667,0.0,900
S0_raw_label,2024-05-29 11:15:00,23.25,-99.99999999999908,-100.11777777777777,-0.11777777777869858,0.11777777777869858,-0.029444444444674645,0.029444444444674645,0.0,900
S0_raw_label,2024-05-29 11:30:00,23.5,-99.99999999999991,-100.83222222222223,-0.8322222222223132,0.8322222222223132,-0.2080555555555783,0.2080555555555783,0.0,900
S0_raw_label,2024-05-29 11:45:00,23.75,-99.99999999999908,-100.15222222222222,-0.15222222222314485,0.15222222222314485,-0.038055555555786214,0.038055555555786214,0.0,900
S0_raw_label,2024-05-29 12:00:00,24.0,0.0,-2.7888888888888888,-2.7888888888888888,2.7888888888888888,-0.6972222222222222,0.6972222222222222,0.0,900
S0_raw_label,2024-05-29 12:15:00,24.25,0.0,-1.9955555555555555,-1.9955555555555555,1.9955555555555555,-0.4988888888888889,0.4988888888888889,0.0,900
S0_raw_label,2024-05-29 12:30:00,24.5,-99.99999999999908,-99.78222222222222,0.2177777777768597,0.2177777777768597,0.05444444444421492,0.05444444444421492,0.05444444444421492,900
S0_raw_label,2024-05-29 12:45:00,24.75,-100.0000000000734,-100.78555555555556,-0.785555555482162,0.785555555482162,-0.1963888888705405,0.1963888888705405,0.0,900
S0_raw_label,2024-05-29 13:00:00,25.0,0.0,-3.2422222222222223,-3.2422222222222223,3.2422222222222223,-0.8105555555555556,0.8105555555555556,0.0,900
S0_raw_label,2024-05-29 13:15:00,25.25,-100.0,-99.57444444444444,0.4255555555555617,0.4255555555555617,0.10638888888889042,0.10638888888889042,0.10638888888889042,900
S0_raw_label,2024-05-29 13:30:00,25.5,-99.99999999999956,-100.51333333333334,-0.513333333333776,0.513333333333776,-0.128333333333444,0.128333333333444,0.0,900
S0_raw_label,2024-05-29 13:45:00,25.75,0.0,-3.1855555555555557,-3.1855555555555557,3.1855555555555557,-0.7963888888888889,0.7963888888888889,0.0,900
S0_raw_label,2024-05-29 14:00:00,26.0,-99.99999999999908,-99.49777777777778,0.5022222222212918,0.5022222222212918,0.12555555555532294,0.12555555555532294,0.12555555555532294,900
S0_raw_label,2024-05-29 14:15:00,26.25,-100.0,-101.15777777777778,-1.1577777777777811,1.1577777777777811,-0.2894444444444453,0.2894444444444453,0.0,900
S0_raw_label,2024-05-29 14:30:00,26.5,-99.99999999999908,-100.49222222222222,-0.49222222222314826,0.49222222222314826,-0.12305555555578707,0.12305555555578707,0.0,900
S0_raw_label,2024-05-29 14:45:00,26.75,0.0,-2.5644444444444443,-2.5644444444444443,2.5644444444444443,-0.6411111111111111,0.6411111111111111,0.0,900
S0_raw_label,2024-05-29 15:00:00,27.0,-2520.0,-2487.0622222222223,32.93777777777768,32.93777777777768,8.23444444444442,8.23444444444442,8.23444444444442,900
S0_raw_label,2024-05-29 15:15:00,27.25,-286.8709560332417,-313.98555555555555,-27.114599522313824,27.114599522313824,-6.778649880578456,6.778649880578456,0.0,900
S0_raw_label,2024-05-29 15:30:00,27.5,0.0,-4.745555555555556,-4.745555555555556,4.745555555555556,-1.186388888888889,1.186388888888889,0.0,900
S0_raw_label,2024-05-29 15:45:00,27.75,0.0,-1.8877777777777778,-1.8877777777777778,1.8877777777777778,-0.47194444444444444,0.47194444444444444,0.0,900
S0_raw_label,2024-05-29 16:00:00,28.0,-99.99999999999908,-100.13888888888889,-0.13888888888980944,0.13888888888980944,-0.03472222222245236,0.03472222222245236,0.0,900
S0_raw_label,2024-05-29 16:15:00,28.25,0.0,-2.8377777777777777,-2.8377777777777777,2.8377777777777777,-0.7094444444444444,0.7094444444444444,0.0,900
S0_raw_label,2024-05-29 16:30:00,28.5,0.0,-1.5677777777777777,-1.5677777777777777,1.5677777777777777,-0.39194444444444443,0.39194444444444443,0.0,900
S0_raw_label,2024-05-29 16:45:00,28.75,0.0,-1.8644444444444443,-1.8644444444444443,1.8644444444444443,-0.4661111111111111,0.4661111111111111,0.0,900
S0_raw_label,2024-05-29 17:00:00,29.0,0.0,-1.89,-1.89,1.89,-0.4725,0.4725,0.0,900
S0_raw_label,2024-05-29 17:15:00,29.25,0.0,-1.6666666666666667,-1.6666666666666667,1.6666666666666667,-0.4166666666666667,0.4166666666666667,0.0,900
S0_raw_label,2024-05-29 17:30:00,29.5,0.0,-1.6633333333333333,-1.6633333333333333,1.6633333333333333,-0.41583333333333333,0.41583333333333333,0.0,900
S0_raw_label,2024-05-29 17:45:00,29.75,0.0,-1.7233333333333334,-1.7233333333333334,1.7233333333333334,-0.43083333333333335,0.43083333333333335,0.0,900
S0_raw_label,2024-05-29 18:00:00,30.0,0.0,-1.761111111111111,-1.761111111111111,1.761111111111111,-0.44027777777777777,0.44027777777777777,0.0,900
S0_raw_label,2024-05-29 18:15:00,30.25,0.0,-1.9966666666666666,-1.9966666666666666,1.9966666666666666,-0.49916666666666665,0.49916666666666665,0.0,900
S0_raw_label,2024-05-29 18:30:00,30.5,0.0,-1.9133333333333333,-1.9133333333333333,1.9133333333333333,-0.47833333333333333,0.47833333333333333,0.0,900
S0_raw_label,2024-05-29 18:45:00,30.75,2352.026252736964,2320.56,-31.46625273696418,31.46625273696418,-7.866563184241045,7.866563184241045,7.866563184241045,900
S0_raw_label,2024-05-29 19:00:00,31.0,2352.026252736965,2352.431111111111,0.4048583741459879,0.4048583741459879,0.10121459353649698,0.10121459353649698,0.0,900
S0_raw_label,2024-05-29 19:15:00,31.25,171.30454073144597,198.57555555555555,27.271014824109585,27.271014824109585,6.817753706027396,6.817753706027396,0.0,900
S0_raw_label,2024-05-29 19:30:00,31.5,0.0,-0.10444444444444445,-0.10444444444444445,0.10444444444444445,-0.026111111111111113,0.026111111111111113,0.0,900
S0_raw_label,2024-05-29 19:45:00,31.75,0.0,-2.048888888888889,-2.048888888888889,2.048888888888889,-0.5122222222222222,0.5122222222222222,0.0,900
S0_raw_label,2024-05-29 20:00:00,32.0,2352.0262527369646,2321.3888888888887,-30.637363848075893,30.637363848075893,-7.659340962018973,7.659340962018973,7.659340962018973,900
S0_raw_label,2024-05-29 20:15:00,32.25,0.0,27.815555555555555,27.815555555555555,27.815555555555555,6.953888888888889,6.953888888888889,0.0,900
S0_raw_label,2024-05-29 20:30:00,32.5,0.0,-1.63,-1.63,1.63,-0.4075,0.4075,0.0,900
S0_raw_label,2024-05-29 20:45:00,32.75,0.0,-1.931111111111111,-1.931111111111111,1.931111111111111,-0.48277777777777775,0.48277777777777775,0.0,900
S0_raw_label,2024-05-29 21:00:00,33.0,0.0,-1.6344444444444444,-1.6344444444444444,1.6344444444444444,-0.4086111111111111,0.4086111111111111,0.0,900
S0_raw_label,2024-05-29 21:15:00,33.25,0.0,-1.508888888888889,-1.508888888888889,1.508888888888889,-0.37722222222222224,0.37722222222222224,0.0,900
S0_raw_label,2024-05-29 21:30:00,33.5,0.0,-1.7133333333333334,-1.7133333333333334,1.7133333333333334,-0.42833333333333334,0.42833333333333334,0.0,900
S0_raw_label,2024-05-29 21:45:00,33.75,0.0,-1.7544444444444445,-1.7544444444444445,1.7544444444444445,-0.4386111111111111,0.4386111111111111,0.0,900
S0_raw_label,2024-05-29 22:00:00,34.0,0.0,-1.4822222222222223,-1.4822222222222223,1.4822222222222223,-0.3705555555555556,0.3705555555555556,0.0,900
S0_raw_label,2024-05-29 22:15:00,34.25,0.0,-1.84,-1.84,1.84,-0.46,0.46,0.0,900
S0_raw_label,2024-05-29 22:30:00,34.5,0.0,-1.8855555555555557,-1.8855555555555557,1.8855555555555557,-0.4713888888888889,0.4713888888888889,0.0,900
S0_raw_label,2024-05-29 22:45:00,34.75,-941.5738700068164,-930.2455555555556,11.32831445126078,11.32831445126078,2.832078612815195,2.832078612815195,2.832078612815195,900
S0_raw_label,2024-05-29 23:00:00,35.0,0.0,-12.512222222222222,-12.512222222222222,12.512222222222222,-3.1280555555555556,3.1280555555555556,0.0,900
S0_raw_label,2024-05-29 23:15:00,35.25,0.0,-2.011111111111111,-2.011111111111111,2.011111111111111,-0.5027777777777778,0.5027777777777778,0.0,900
S0_raw_label,2024-05-29 23:30:00,35.5,-100.0,-99.66555555555556,0.33444444444444343,0.33444444444444343,0.08361111111111086,0.08361111111111086,0.08361111111111086,900
S0_raw_label,2024-05-29 23:45:00,35.75,-2520.0,-2488.9144444444446,31.085555555555402,31.085555555555402,7.7713888888888505,7.7713888888888505,7.7713888888888505,900
S0_raw_label,2024-05-30 00:00:00,36.0,0.0,-34.01222222222222,-34.01222222222222,34.01222222222222,-8.503055555555555,8.503055555555555,0.0,900
S0_raw_label,2024-05-30 00:15:00,36.25,0.0,-2.07,-2.07,2.07,-0.5175,0.5175,0.0,900
S0_raw_label,2024-05-30 00:30:00,36.5,0.0,-1.9388888888888889,-1.9388888888888889,1.9388888888888889,-0.4847222222222222,0.4847222222222222,0.0,900
S0_raw_label,2024-05-30 00:45:00,36.75,-99.99999999999908,-99.94,0.05999999999907857,0.05999999999907857,0.014999999999769642,0.014999999999769642,0.014999999999769642,900
S0_raw_label,2024-05-30 01:00:00,37.0,-2520.0,-2488.4555555555557,31.544444444444252,31.544444444444252,7.886111111111063,7.886111111111063,7.886111111111063,900
S0_raw_label,2024-05-30 01:15:00,37.25,-99.99999999999908,-131.65333333333334,-31.65333333333426,31.65333333333426,-7.913333333333565,7.913333333333565,0.0,900
S0_raw_label,2024-05-30 01:30:00,37.5,0.0,-3.3033333333333332,-3.3033333333333332,3.3033333333333332,-0.8258333333333333,0.8258333333333333,0.0,900
S0_raw_label,2024-05-30 01:45:00,37.75,0.0,-1.8511111111111112,-1.8511111111111112,1.8511111111111112,-0.4627777777777778,0.4627777777777778,0.0,900
S0_raw_label,2024-05-30 02:00:00,38.0,-2520.0,-2485.7555555555555,34.244444444444525,34.244444444444525,8.561111111111131,8.561111111111131,8.561111111111131,900
S0_raw_label,2024-05-30 02:15:00,38.25,0.0,-34.29888888888889,-34.29888888888889,34.29888888888889,-8.574722222222222,8.574722222222222,0.0,900
S0_raw_label,2024-05-30 02:30:00,38.5,0.0,-1.6211111111111112,-1.6211111111111112,1.6211111111111112,-0.4052777777777778,0.4052777777777778,0.0,900
S0_raw_label,2024-05-30 02:45:00,38.75,0.0,-1.5733333333333333,-1.5733333333333333,1.5733333333333333,-0.3933333333333333,0.3933333333333333,0.0,900
S0_raw_label,2024-05-30 03:00:00,39.0,-99.99999999999908,-99.92111111111112,0.07888888888795975,0.07888888888795975,0.019722222221989938,0.019722222221989938,0.019722222221989938,900
S0_raw_label,2024-05-30 03:15:00,39.25,0.0,-2.6133333333333333,-2.6133333333333333,2.6133333333333333,-0.6533333333333333,0.6533333333333333,0.0,900
S0_raw_label,2024-05-30 03:30:00,39.5,0.0,-1.5577777777777777,-1.5577777777777777,1.5577777777777777,-0.3894444444444444,0.3894444444444444,0.0,900
S0_raw_label,2024-05-30 03:45:00,39.75,2167.085957073119,2137.842222222222,-29.243734850897,29.243734850897,-7.31093371272425,7.31093371272425,7.31093371272425,900
S0_raw_label,2024-05-30 04:00:00,40.0,-2520.0,-2443.91,76.09000000000015,76.09000000000015,19.022500000000036,19.022500000000036,19.022500000000036,900
S0_raw_label,2024-05-30 04:15:00,40.25,0.0,-31.604444444444443,-31.604444444444443,31.604444444444443,-7.901111111111111,7.901111111111111,0.0,900
S0_raw_label,2024-05-30 04:30:00,40.5,0.0,-1.761111111111111,-1.761111111111111,1.761111111111111,-0.44027777777777777,0.44027777777777777,0.0,900
S0_raw_label,2024-05-30 04:45:00,40.75,1053.2948075999998,1039.47,-13.824807599999758,13.824807599999758,-3.4562018999999395,3.4562018999999395,3.4562018999999395,900
S0_raw_label,2024-05-30 05:00:00,41.0,-1228.3327719602532,-1199.148888888889,29.183883071364335,29.183883071364335,7.295970767841084,7.295970767841084,7.295970767841084,900
S0_raw_label,2024-05-30 05:15:00,41.25,0.0,-15.662222222222223,-15.662222222222223,15.662222222222223,-3.9155555555555557,3.9155555555555557,0.0,900
S0_raw_label,2024-05-30 05:30:00,41.5,0.0,-1.5022222222222221,-1.5022222222222221,1.5022222222222221,-0.37555555555555553,0.37555555555555553,0.0,900
S0_raw_label,2024-05-30 05:45:00,41.75,2352.026252736964,2320.802222222222,-31.224030514742026,31.224030514742026,-7.8060076286855065,7.8060076286855065,7.8060076286855065,900
S0_raw_label,2024-05-30 06:00:00,42.0,-1091.4216105988844,-1044.1733333333334,47.248277265550996,47.248277265550996,11.812069316387749,11.812069316387749,11.812069316387749,900
S0_raw_label,2024-05-30 06:15:00,42.25,2352.026252736964,2304.05,-47.97625273696394,47.97625273696394,-11.994063184240986,11.994063184240986,11.994063184240986,900
S0_raw_label,2024-05-30 06:30:00,42.5,2352.026252736965,2352.1877777777777,0.1615250408126485,0.1615250408126485,0.04038126020316213,0.04038126020316213,0.0,900
S0_raw_label,2024-05-30 06:45:00,42.75,0.0,28.963333333333335,28.963333333333335,28.963333333333335,7.240833333333334,7.240833333333334,0.0,900
S0_raw_label,2024-05-30 07:00:00,43.0,1415.9374244628598,1397.1933333333334,-18.744091129526396,18.744091129526396,-4.686022782381599,4.686022782381599,4.686022782381599,900
S0_raw_label,2024-05-30 07:15:00,43.25,0.0,15.734444444444444,15.734444444444444,15.734444444444444,3.933611111111111,3.933611111111111,0.0,900
S0_raw_label,2024-05-30 07:30:00,43.5,-100.0,-99.71444444444444,0.2855555555555611,0.2855555555555611,0.07138888888889028,0.07138888888889028,0.07138888888889028,900
S0_raw_label,2024-05-30 07:45:00,43.75,-1162.558173517522,-1161.9277777777777,0.6303957397442446,0.6303957397442446,0.15759893493606114,0.15759893493606114,0.15759893493606114,900
S0_raw_label,2024-05-30 08:00:00,44.0,1086.602625437099,1058.2066666666667,-28.395958770432344,28.395958770432344,-7.098989692608086,7.098989692608086,7.098989692608086,900
S0_raw_label,2024-05-30 08:15:00,44.25,0.0,11.183333333333334,11.183333333333334,11.183333333333334,2.7958333333333334,2.7958333333333334,0.0,900
S0_raw_label,2024-05-30 08:30:00,44.5,-100.0,-99.89777777777778,0.10222222222222399,0.10222222222222399,0.025555555555555998,0.025555555555555998,0.025555555555555998,900
S0_raw_label,2024-05-30 08:45:00,44.75,-2520.0,-2488.9211111111113,31.07888888888874,31.07888888888874,7.769722222222185,7.769722222222185,7.769722222222185,900
S0_raw_label,2024-05-30 09:00:00,45.0,0.0,-34.004444444444445,-34.004444444444445,34.004444444444445,-8.501111111111111,8.501111111111111,0.0,900
S0_raw_label,2024-05-30 09:15:00,45.25,0.0,-2.0844444444444443,-2.0844444444444443,2.0844444444444443,-0.5211111111111111,0.5211111111111111,0.0,900
S0_raw_label,2024-05-30 09:30:00,45.5,-100.0,-99.86444444444444,0.13555555555555543,0.13555555555555543,0.03388888888888886,0.03388888888888886,0.03388888888888886,900
S0_raw_label,2024-05-30 09:45:00,45.75,-2520.0,-2488.728888888889,31.271111111111168,31.271111111111168,7.817777777777792,7.817777777777792,7.817777777777792,900
S0_raw_label,2024-05-30 10:00:00,46.0,0.0,-34.48777777777778,-34.48777777777778,34.48777777777778,-8.621944444444445,8.621944444444445,0.0,900
S0_raw_label,2024-05-30 10:15:00,46.25,0.0,-2.14,-2.14,2.14,-0.535,0.535,0.0,900
S0_raw_label,2024-05-30 10:30:00,46.5,-928.6590472515038,-917.0577777777778,11.601269473726006,11.601269473726006,2.9003173684315016,2.9003173684315016,2.9003173684315016,900
S0_raw_label,2024-05-30 10:45:00,46.75,-2520.0,-2497.59,22.409999999999854,22.409999999999854,5.602499999999964,5.602499999999964,5.602499999999964,900
S0_raw_label,2024-05-30 11:00:00,47.0,0.0,-32.577777777777776,-32.577777777777776,32.577777777777776,-8.144444444444444,8.144444444444444,0.0,900
S0_raw_label,2024-05-30 11:15:00,47.25,0.0,-1.5944444444444446,-1.5944444444444446,1.5944444444444446,-0.39861111111111114,0.39861111111111114,0.0,900
S0_raw_label,2024-05-30 11:30:00,47.5,0.0,-1.6466666666666667,-1.6466666666666667,1.6466666666666667,-0.4116666666666667,0.4116666666666667,0.0,900
S0_raw_label,2024-05-30 11:45:00,47.75,0.0,-1.748888888888889,-1.748888888888889,1.748888888888889,-0.43722222222222223,0.43722222222222223,0.0,900
S0_raw_label,2024-05-30 12:00:00,48.0,-100.0,-99.78111111111112,0.21888888888888403,0.21888888888888403,0.054722222222221006,0.054722222222221006,0.054722222222221006,900
S0_raw_label,2024-05-30 12:15:00,48.25,0.0,-2.7222222222222223,-2.7222222222222223,2.7222222222222223,-0.6805555555555556,0.6805555555555556,0.0,900
S0_raw_label,2024-05-30 12:30:00,48.5,0.0,-1.88,-1.88,1.88,-0.47,0.47,0.0,900
S0_raw_label,2024-05-30 12:45:00,48.75,-100.0,-100.04,-0.04000000000000625,0.04000000000000625,-0.010000000000001563,0.010000000000001563,0.0,900
S0_raw_label,2024-05-30 13:00:00,49.0,0.0,-2.8733333333333335,-2.8733333333333335,2.8733333333333335,-0.7183333333333334,0.7183333333333334,0.0,900
S0_raw_label,2024-05-30 13:15:00,49.25,0.0,-1.7733333333333334,-1.7733333333333334,1.7733333333333334,-0.44333333333333336,0.44333333333333336,0.0,900
S0_raw_label,2024-05-30 13:30:00,49.5,0.0,-1.7722222222222221,-1.7722222222222221,1.7722222222222221,-0.44305555555555554,0.44305555555555554,0.0,900
S0_raw_label,2024-05-30 13:45:00,49.75,0.0,-1.8311111111111111,-1.8311111111111111,1.8311111111111111,-0.4577777777777778,0.4577777777777778,0.0,900
S0_raw_label,2024-05-30 14:00:00,50.0,0.0,-1.96,-1.96,1.96,-0.49,0.49,0.0,900
S0_raw_label,2024-05-30 14:15:00,50.25,0.0,-1.7922222222222222,-1.7922222222222222,1.7922222222222222,-0.44805555555555554,0.44805555555555554,0.0,900
S0_raw_label,2024-05-30 14:30:00,50.5,0.0,-1.7422222222222221,-1.7422222222222221,1.7422222222222221,-0.43555555555555553,0.43555555555555553,0.0,900
S0_raw_label,2024-05-30 14:45:00,50.75,0.0,-1.6877777777777778,-1.6877777777777778,1.6877777777777778,-0.42194444444444446,0.42194444444444446,0.0,900
S0_raw_label,2024-05-30 15:00:00,51.0,0.0,-1.9577777777777778,-1.9577777777777778,1.9577777777777778,-0.48944444444444446,0.48944444444444446,0.0,900
S0_raw_label,2024-05-30 15:15:00,51.25,0.0,-2.031111111111111,-2.031111111111111,2.031111111111111,-0.5077777777777778,0.5077777777777778,0.0,900
S0_raw_label,2024-05-30 15:30:00,51.5,0.0,-1.9777777777777779,-1.9777777777777779,1.9777777777777779,-0.49444444444444446,0.49444444444444446,0.0,900
S0_raw_label,2024-05-30 15:45:00,51.75,2352.0262527369646,2320.806666666667,-31.219586070297737,31.219586070297737,-7.804896517574434,7.804896517574434,7.804896517574434,900
S0_raw_label,2024-05-30 16:00:00,52.0,-1091.421610598884,-1045.2322222222222,46.18938837666178,46.18938837666178,11.547347094165445,11.547347094165445,11.547347094165445,900
S0_raw_label,2024-05-30 16:15:00,52.25,-100.0,-111.88444444444444,-11.88444444444444,11.88444444444444,-2.97111111111111,2.97111111111111,0.0,900
S0_raw_label,2024-05-30 16:30:00,52.5,0.0,-2.91,-2.91,2.91,-0.7275,0.7275,0.0,900
S0_raw_label,2024-05-30 16:45:00,52.75,0.0,-1.9244444444444444,-1.9244444444444444,1.9244444444444444,-0.4811111111111111,0.4811111111111111,0.0,900
S0_raw_label,2024-05-30 17:00:00,53.0,-1747.5694066126944,-1724.4677777777779,23.101628834916482,23.101628834916482,5.775407208729121,5.775407208729121,5.775407208729121,900
S0_raw_label,2024-05-30 17:15:00,53.25,0.0,-22.907777777777778,-22.907777777777778,22.907777777777778,-5.726944444444444,5.726944444444444,0.0,900
S0_raw_label,2024-05-30 17:30:00,53.5,0.0,-1.9077777777777778,-1.9077777777777778,1.9077777777777778,-0.47694444444444445,0.47694444444444445,0.0,900
S0_raw_label,2024-05-30 17:45:00,53.75,2352.026252736964,2320.1188888888887,-31.90736384807542,31.90736384807542,-7.976840962018855,7.976840962018855,7.976840962018855,900
S0_raw_label,2024-05-30 18:00:00,54.0,-1070.7480000000023,-1023.65,47.098000000002344,47.098000000002344,11.774500000000586,11.774500000000586,11.774500000000586,900
S0_raw_label,2024-05-30 18:15:00,54.25,0.0,-13.991111111111111,-13.991111111111111,13.991111111111111,-3.497777777777778,3.497777777777778,0.0,900
S0_raw_label,2024-05-30 18:30:00,54.5,2352.0262527369664,2321.3933333333334,-30.632919403632968,30.632919403632968,-7.658229850908242,7.658229850908242,7.658229850908242,900
S0_raw_label,2024-05-30 18:45:00,54.75,1412.6339387189028,1422.89,10.256061281097345,10.256061281097345,2.5640153202743363,2.5640153202743363,0.0,900
S0_raw_label,2024-05-30 19:00:00,55.0,2352.026252736965,2342.1766666666667,-9.849586070298301,9.849586070298301,-2.4623965175745752,2.4623965175745752,2.4623965175745752,900
S0_raw_label,2024-05-30 19:15:00,55.25,-100.0,-69.41555555555556,30.584444444444443,30.584444444444443,7.646111111111111,7.646111111111111,7.646111111111111,900
S0_raw_label,2024-05-30 19:30:00,55.5,0.0,-2.5922222222222224,-2.5922222222222224,2.5922222222222224,-0.6480555555555556,0.6480555555555556,0.0,900
S0_raw_label,2024-05-30 19:45:00,55.75,-106.02215921296536,-103.94222222222223,2.0799369907431355,2.0799369907431355,0.5199842476857839,0.5199842476857839,0.5199842476857839,900
S0_raw_label,2024-05-30 20:00:00,56.0,100.0,89.65555555555555,-10.344444444444449,10.344444444444449,-2.586111111111112,2.586111111111112,2.586111111111112,900
S0_raw_label,2024-05-30 20:15:00,56.25,0.0,-0.65,-0.65,0.65,-0.1625,0.1625,0.0,900
S0_raw_label,2024-05-30 20:30:00,56.5,0.0,-1.6211111111111112,-1.6211111111111112,1.6211111111111112,-0.4052777777777778,0.4052777777777778,0.0,900
S0_raw_label,2024-05-30 20:45:00,56.75,-301.04098358910346,-298.87,2.1709835891034572,2.1709835891034572,0.5427458972758643,0.5427458972758643,0.5427458972758643,900
S0_raw_label,2024-05-30 21:00:00,57.0,154.26235742158536,143.23444444444445,-11.027912977140915,11.027912977140915,-2.7569782442852286,2.7569782442852286,2.7569782442852286,900
S0_raw_label,2024-05-30 21:15:00,57.25,0.0,-0.3566666666666667,-0.3566666666666667,0.3566666666666667,-0.08916666666666667,0.08916666666666667,0.0,900
S0_raw_label,2024-05-30 21:30:00,57.5,0.0,-2.0055555555555555,-2.0055555555555555,2.0055555555555555,-0.5013888888888889,0.5013888888888889,0.0,900
S0_raw_label,2024-05-30 21:45:00,57.75,0.0,-2.261111111111111,-2.261111111111111,2.261111111111111,-0.5652777777777778,0.5652777777777778,0.0,900
S0_raw_label,2024-05-30 22:00:00,58.0,0.0,-1.7933333333333332,-1.7933333333333332,1.7933333333333332,-0.4483333333333333,0.4483333333333333,0.0,900
S0_raw_label,2024-05-30 22:15:00,58.25,0.0,-1.728888888888889,-1.728888888888889,1.728888888888889,-0.43222222222222223,0.43222222222222223,0.0,900
S0_raw_label,2024-05-30 22:30:00,58.5,0.0,-1.8855555555555557,-1.8855555555555557,1.8855555555555557,-0.4713888888888889,0.4713888888888889,0.0,900
S0_raw_label,2024-05-30 22:45:00,58.75,-100.0,-100.12,-0.12000000000000455,0.12000000000000455,-0.030000000000001137,0.030000000000001137,0.0,900
S0_raw_label,2024-05-30 23:00:00,59.0,0.0,-2.721111111111111,-2.721111111111111,2.721111111111111,-0.6802777777777778,0.6802777777777778,0.0,900
S0_raw_label,2024-05-30 23:15:00,59.25,0.0,-1.9722222222222223,-1.9722222222222223,1.9722222222222223,-0.4930555555555556,0.4930555555555556,0.0,900
S0_raw_label,2024-05-30 23:30:00,59.5,0.0,-1.8666666666666667,-1.8666666666666667,1.8666666666666667,-0.4666666666666667,0.4666666666666667,0.0,900
S0_raw_label,2024-05-30 23:45:00,59.75,-2354.4944446031272,-2322.391111111111,32.10333349201619,32.10333349201619,8.025833373004048,8.025833373004048,8.025833373004048,900
S0_raw_label,2024-05-31 00:00:00,60.0,0.0,-31.606666666666666,-31.606666666666666,31.606666666666666,-7.901666666666666,7.901666666666666,0.0,900
S0_raw_label,2024-05-31 00:15:00,60.25,-100.0,-99.58555555555556,0.41444444444444173,0.41444444444444173,0.10361111111111043,0.10361111111111043,0.10361111111111043,900
S0_raw_label,2024-05-31 00:30:00,60.5,-1091.4216105988878,-1081.2122222222222,10.209388376665629,10.209388376665629,2.5523470941664073,2.5523470941664073,2.5523470941664073,900
S0_raw_label,2024-05-31 00:45:00,60.75,-2520.0,-2504.91,15.090000000000146,15.090000000000146,3.7725000000000364,3.7725000000000364,3.7725000000000364,900
S0_raw_label,2024-05-31 01:00:00,61.0,-2520.0,-2323.5588888888888,196.44111111111124,196.44111111111124,49.11027777777781,49.11027777777781,49.11027777777781,900
S0_raw_label,2024-05-31 01:15:00,61.25,-99.99999999999908,-116.17111111111112,-16.17111111111204,16.17111111111204,-4.04277777777801,4.04277777777801,0.0,900
S0_raw_label,2024-05-31 01:30:00,61.5,0.0,-2.9255555555555555,-2.9255555555555555,2.9255555555555555,-0.7313888888888889,0.7313888888888889,0.0,900
S0_raw_label,2024-05-31 01:45:00,61.75,0.0,-1.9288888888888889,-1.9288888888888889,1.9288888888888889,-0.4822222222222222,0.4822222222222222,0.0,900
S0_raw_label,2024-05-31 02:00:00,62.0,-2.69295696853078e-12,-1.6455555555555557,-1.6455555555528627,1.6455555555528627,-0.4113888888882157,0.4113888888882157,0.0,900
S0_raw_label,2024-05-31 02:15:00,62.25,0.0,-1.6655555555555555,-1.6655555555555555,1.6655555555555555,-0.41638888888888886,0.41638888888888886,0.0,900
S0_raw_label,2024-05-31 02:30:00,62.5,0.0,-1.781111111111111,-1.781111111111111,1.781111111111111,-0.4452777777777778,0.4452777777777778,0.0,900
S0_raw_label,2024-05-31 02:45:00,62.75,0.0,-1.6133333333333333,-1.6133333333333333,1.6133333333333333,-0.4033333333333333,0.4033333333333333,0.0,900
S0_raw_label,2024-05-31 03:00:00,63.0,-114.64321609741312,-112.86777777777777,1.7754383196353416,1.7754383196353416,0.4438595799088354,0.4438595799088354,0.4438595799088354,900
S0_raw_label,2024-05-31 03:15:00,63.25,0.0,-2.827777777777778,-2.827777777777778,2.827777777777778,-0.7069444444444445,0.7069444444444445,0.0,900
S0_raw_label,2024-05-31 03:30:00,63.5,0.0,-1.7855555555555556,-1.7855555555555556,1.7855555555555556,-0.4463888888888889,0.4463888888888889,0.0,900
S0_raw_label,2024-05-31 03:45:00,63.75,2352.026252736964,2321.0344444444445,-30.991808292519636,30.991808292519636,-7.747952073129909,7.747952073129909,7.747952073129909,900
S0_raw_label,2024-05-31 04:00:00,64.0,-2520.0,-2381.181111111111,138.81888888888898,138.81888888888898,34.704722222222244,34.704722222222244,34.704722222222244,900
S0_raw_label,2024-05-31 04:15:00,64.25,-227.0413432632255,-249.93777777777777,-22.896434514552254,22.896434514552254,-5.724108628638064,5.724108628638064,0.0,900
S0_raw_label,2024-05-31 04:30:00,64.5,0.0,-4.292222222222223,-4.292222222222223,4.292222222222223,-1.0730555555555557,1.0730555555555557,0.0,900
S0_raw_label,2024-05-31 04:45:00,64.75,2352.026252736965,2321.0833333333335,-30.94291940363155,30.94291940363155,-7.735729850907887,7.735729850907887,7.735729850907887,900
S0_raw_label,2024-05-31 05:00:00,65.0,-2265.6285595440704,-2194.7744444444443,70.85411509962614,70.85411509962614,17.713528774906536,17.713528774906536,17.713528774906536,900
S0_raw_label,2024-05-31 05:15:00,65.25,0.0,-28.156666666666666,-28.156666666666666,28.156666666666666,-7.039166666666667,7.039166666666667,0.0,900
S0_raw_label,2024-05-31 05:30:00,65.5,2352.0262527369646,2320.7455555555557,-31.28069718140887,31.28069718140887,-7.820174295352217,7.820174295352217,7.820174295352217,900
S0_raw_label,2024-05-31 05:45:00,65.75,2352.026252736964,2352.0355555555557,0.009302818591550022,0.009302818591550022,0.0023257046478875054,0.0023257046478875054,0.0,900
S0_raw_label,2024-05-31 06:00:00,66.0,2352.026252736964,2351.9255555555555,-0.10069718140857731,0.10069718140857731,-0.025174295352144327,0.025174295352144327,0.025174295352144327,900
S0_raw_label,2024-05-31 06:15:00,66.25,-104.25547061459744,-70.08666666666667,34.16880394793077,34.16880394793077,8.542200986982692,8.542200986982692,8.542200986982692,900
S0_raw_label,2024-05-31 06:30:00,66.5,0.0,-2.6455555555555557,-2.6455555555555557,2.6455555555555557,-0.6613888888888889,0.6613888888888889,0.0,900
S0_raw_label,2024-05-31 06:45:00,66.75,-2520.0,-2486.17,33.82999999999993,33.82999999999993,8.457499999999982,8.457499999999982,8.457499999999982,900
S0_raw_label,2024-05-31 07:00:00,67.0,2352.026252736964,2275.801111111111,-76.22514162585321,76.22514162585321,-19.056285406463303,19.056285406463303,19.056285406463303,900
S0_raw_label,2024-05-31 07:15:00,67.25,0.0,29.56,29.56,29.56,7.39,7.39,0.0,900
S0_raw_label,2024-05-31 07:30:00,67.5,-100.0,-99.76333333333334,0.23666666666666458,0.23666666666666458,0.059166666666666146,0.059166666666666146,0.059166666666666146,900
S0_raw_label,2024-05-31 07:45:00,67.75,-1246.6910884903068,-1237.0755555555556,9.615532934751172,9.615532934751172,2.403883233687793,2.403883233687793,2.403883233687793,900
S0_raw_label,2024-05-31 08:00:00,68.0,1053.294807599999,1023.73,-29.564807599999085,29.564807599999085,-7.391201899999771,7.391201899999771,7.391201899999771,900
S0_raw_label,2024-05-31 08:15:00,68.25,0.0,10.355555555555556,10.355555555555556,10.355555555555556,2.588888888888889,2.588888888888889,0.0,900
S0_raw_label,2024-05-31 08:30:00,68.5,-104.25547061459766,-101.60666666666667,2.648803947930986,2.648803947930986,0.6622009869827465,0.6622009869827465,0.6622009869827465,900
S0_raw_label,2024-05-31 08:45:00,68.75,-2520.0,-2488.8977777777777,31.10222222222228,31.10222222222228,7.77555555555557,7.77555555555557,7.77555555555557,900
S0_raw_label,2024-05-31 09:00:00,69.0,2352.026252736965,2277.722222222222,-74.30403051474286,74.30403051474286,-18.576007628685716,18.576007628685716,18.576007628685716,900
S0_raw_label,2024-05-31 09:15:00,69.25,0.0,28.673333333333332,28.673333333333332,28.673333333333332,7.168333333333333,7.168333333333333,0.0,900
S0_raw_label,2024-05-31 09:30:00,69.5,0.0,-1.1966666666666668,-1.1966666666666668,1.1966666666666668,-0.2991666666666667,0.2991666666666667,0.0,900
S0_raw_label,2024-05-31 09:45:00,69.75,-100.0,-99.60555555555555,0.3944444444444457,0.3944444444444457,0.09861111111111143,0.09861111111111143,0.09861111111111143,900
S0_raw_label,2024-05-31 10:00:00,70.0,0.0,-2.7733333333333334,-2.7733333333333334,2.7733333333333334,-0.6933333333333334,0.6933333333333334,0.0,900
S0_raw_label,2024-05-31 10:15:00,70.25,-100.0,-99.82888888888888,0.17111111111111654,0.17111111111111654,0.042777777777779136,0.042777777777779136,0.042777777777779136,900
S0_raw_label,2024-05-31 10:30:00,70.5,-2520.0,-2487.8433333333332,32.15666666666675,32.15666666666675,8.039166666666688,8.039166666666688,8.039166666666688,900
S0_raw_label,2024-05-31 10:45:00,70.75,-2520.0,-2520.5444444444443,-0.5444444444442524,0.5444444444442524,-0.1361111111110631,0.1361111111110631,0.0,900
S0_raw_label,2024-05-31 11:00:00,71.0,2352.026252736964,2276.051111111111,-75.97514162585321,75.97514162585321,-18.993785406463303,18.993785406463303,18.993785406463303,900
S0_raw_label,2024-05-31 11:15:00,71.25,0.0,29.122222222222224,29.122222222222224,29.122222222222224,7.280555555555556,7.280555555555556,0.0,900
S0_raw_label,2024-05-31 11:30:00,71.5,-99.99999999999908,-99.80888888888889,0.19111111111018886,0.19111111111018886,0.047777777777547215,0.047777777777547215,0.047777777777547215,900
S0_raw_label,2024-05-31 11:45:00,71.75,-2395.9800504605505,-2365.556666666667,30.42338379388366,30.42338379388366,7.605845948470915,7.605845948470915,7.605845948470915,900
S1_supplementary_timezone,2024-05-28 11:00:00,0.0,0.0,-2.6577777777777776,-2.6577777777777776,2.6577777777777776,-0.6644444444444444,0.6644444444444444,0.0,900
S1_supplementary_timezone,2024-05-28 11:15:00,0.25,0.0,-1.72,-1.72,1.72,-0.43,0.43,0.0,900
S1_supplementary_timezone,2024-05-28 11:30:00,0.5,0.0,-1.9655555555555555,-1.9655555555555555,1.9655555555555555,-0.4913888888888889,0.4913888888888889,0.0,900
S1_supplementary_timezone,2024-05-28 11:45:00,0.75,-100.00000000000006,-1.6555555555555554,98.3444444444445,98.3444444444445,24.586111111111126,24.586111111111126,24.586111111111126,900
S1_supplementary_timezone,2024-05-28 12:00:00,1.0,0.0,-1.8055555555555556,-1.8055555555555556,1.8055555555555556,-0.4513888888888889,0.4513888888888889,0.0,900
S1_supplementary_timezone,2024-05-28 12:15:00,1.25,0.0,-1.65,-1.65,1.65,-0.4125,0.4125,0.0,900
S1_supplementary_timezone,2024-05-28 12:30:00,1.5,0.0,-1.7466666666666666,-1.7466666666666666,1.7466666666666666,-0.43666666666666665,0.43666666666666665,0.0,900
S1_supplementary_timezone,2024-05-28 12:45:00,1.75,0.0,-1.8966666666666667,-1.8966666666666667,1.8966666666666667,-0.4741666666666667,0.4741666666666667,0.0,900
S1_supplementary_timezone,2024-05-28 13:00:00,2.0,0.0,-2488.8922222222222,-2488.8922222222222,2488.8922222222222,-622.2230555555556,622.2230555555556,0.0,900
S1_supplementary_timezone,2024-05-28 13:15:00,2.25,0.0,-32.111111111111114,-32.111111111111114,32.111111111111114,-8.027777777777779,8.027777777777779,0.0,900
S1_supplementary_timezone,2024-05-28 13:30:00,2.5,0.0,-1.8022222222222222,-1.8022222222222222,1.8022222222222222,-0.45055555555555554,0.45055555555555554,0.0,900
S1_supplementary_timezone,2024-05-28 13:45:00,2.75,0.0,-1.7466666666666666,-1.7466666666666666,1.7466666666666666,-0.43666666666666665,0.43666666666666665,0.0,900
S1_supplementary_timezone,2024-05-28 14:00:00,3.0,-2520.0,-1296.2977777777778,1223.7022222222222,1223.7022222222222,305.92555555555555,305.92555555555555,305.92555555555555,900
S1_supplementary_timezone,2024-05-28 14:15:00,3.25,0.0,-15.916666666666666,-15.916666666666666,15.916666666666666,-3.9791666666666665,3.9791666666666665,0.0,900
S1_supplementary_timezone,2024-05-28 14:30:00,3.5,0.0,-1.8177777777777777,-1.8177777777777777,1.8177777777777777,-0.45444444444444443,0.45444444444444443,0.0,900
S1_supplementary_timezone,2024-05-28 14:45:00,3.75,-2.049915792667889e-12,-1.8166666666666667,-1.8166666666646167,1.8166666666646167,-0.4541666666661542,0.4541666666661542,0.0,900
S1_supplementary_timezone,2024-05-28 15:00:00,4.0,-1311.646466611228,-100.01777777777778,1211.6286888334503,1211.6286888334503,302.90717220836257,302.90717220836257,302.90717220836257,900
S1_supplementary_timezone,2024-05-28 15:15:00,4.25,0.0,-2.918888888888889,-2.918888888888889,2.918888888888889,-0.7297222222222223,0.7297222222222223,0.0,900
S1_supplementary_timezone,2024-05-28 15:30:00,4.5,0.0,-1.5788888888888888,-1.5788888888888888,1.5788888888888888,-0.3947222222222222,0.3947222222222222,0.0,900
S1_supplementary_timezone,2024-05-28 15:45:00,4.75,0.0,-1.6344444444444444,-1.6344444444444444,1.6344444444444444,-0.4086111111111111,0.4086111111111111,0.0,900
S1_supplementary_timezone,2024-05-28 16:00:00,5.0,-99.99999999999972,-1.8644444444444443,98.13555555555527,98.13555555555527,24.533888888888818,24.533888888888818,24.533888888888818,900
S1_supplementary_timezone,2024-05-28 16:15:00,5.25,0.0,-1.741111111111111,-1.741111111111111,1.741111111111111,-0.43527777777777776,0.43527777777777776,0.0,900
S1_supplementary_timezone,2024-05-28 16:30:00,5.5,0.0,2322.5666666666666,2322.5666666666666,2322.5666666666666,580.6416666666667,580.6416666666667,0.0,900
S1_supplementary_timezone,2024-05-28 16:45:00,5.75,0.0,2352.5544444444445,2352.5544444444445,2352.5544444444445,588.1386111111111,588.1386111111111,0.0,900
S1_supplementary_timezone,2024-05-28 17:00:00,6.0,0.0,2351.8444444444444,2351.8444444444444,2351.8444444444444,587.9611111111111,587.9611111111111,0.0,900
S1_supplementary_timezone,2024-05-28 17:15:00,6.25,0.0,423.6688888888889,423.6688888888889,423.6688888888889,105.91722222222222,105.91722222222222,0.0,900
S1_supplementary_timezone,2024-05-28 17:30:00,6.5,2352.026252736966,2.0744444444444445,-2349.9518082925215,2349.9518082925215,-587.4879520731304,587.4879520731304,587.4879520731304,900
S1_supplementary_timezone,2024-05-28 17:45:00,6.75,2352.026252736965,-115.10444444444444,-2467.1306971814097,2467.1306971814097,-616.7826742953524,616.7826742953524,616.7826742953524,900
S1_supplementary_timezone,2024-05-28 18:00:00,7.0,2352.026252736964,-2.6533333333333333,-2354.6795860702973,2354.6795860702973,-588.6698965175743,588.6698965175743,588.6698965175743,900
S1_supplementary_timezone,2024-05-28 18:15:00,7.25,400.6714926347517,-1.5422222222222222,-402.2137148569739,402.2137148569739,-100.55342871424348,100.55342871424348,100.55342871424348,900
S1_supplementary_timezone,2024-05-28 18:30:00,7.5,0.0,-1.5977777777777777,-1.5977777777777777,1.5977777777777777,-0.39944444444444444,0.39944444444444444,0.0,900
S1_supplementary_timezone,2024-05-28 18:45:00,7.75,-115.8441276945103,-1.4744444444444444,114.36968325006586,114.36968325006586,28.592420812516465,28.592420812516465,28.592420812516465,900
S1_supplementary_timezone,2024-05-28 19:00:00,8.0,0.0,-1.24,-1.24,1.24,-0.31,0.31,0.0,900
S1_supplementary_timezone,2024-05-28 19:15:00,8.25,-2.682298827494378e-13,-1.4344444444444444,-1.4344444444441762,1.4344444444441762,-0.35861111111104405,0.35861111111104405,0.0,900
S1_supplementary_timezone,2024-05-28 19:30:00,8.5,0.0,-1.471111111111111,-1.471111111111111,1.471111111111111,-0.36777777777777776,0.36777777777777776,0.0,900
S1_supplementary_timezone,2024-05-28 19:45:00,8.75,0.0,-129.82888888888888,-129.82888888888888,129.82888888888888,-32.45722222222222,32.45722222222222,0.0,900
S1_supplementary_timezone,2024-05-28 20:00:00,9.0,0.0,-2.9966666666666666,-2.9966666666666666,2.9966666666666666,-0.7491666666666666,0.7491666666666666,0.0,900
S1_supplementary_timezone,2024-05-28 20:15:00,9.25,0.0,-1.6955555555555555,-1.6955555555555555,1.6955555555555555,-0.42388888888888887,0.42388888888888887,0.0,900
S1_supplementary_timezone,2024-05-28 20:30:00,9.5,0.0,-1.5,-1.5,1.5,-0.375,0.375,0.0,900
S1_supplementary_timezone,2024-05-28 20:45:00,9.75,-132.4159784445837,-1.6433333333333333,130.77264511125034,130.77264511125034,32.693161277812585,32.693161277812585,32.693161277812585,900
S1_supplementary_timezone,2024-05-28 21:00:00,10.0,0.0,-1.7566666666666666,-1.7566666666666666,1.7566666666666666,-0.43916666666666665,0.43916666666666665,0.0,900
S1_supplementary_timezone,2024-05-28 21:15:00,10.25,0.0,-1.741111111111111,-1.741111111111111,1.741111111111111,-0.43527777777777776,0.43527777777777776,0.0,900
S1_supplementary_timezone,2024-05-28 21:30:00,10.5,0.0,-1.8644444444444443,-1.8644444444444443,1.8644444444444443,-0.4661111111111111,0.4661111111111111,0.0,900
S1_supplementary_timezone,2024-05-28 21:45:00,10.75,0.0,-2489.268888888889,-2489.268888888889,2489.268888888889,-622.3172222222222,622.3172222222222,0.0,900
S1_supplementary_timezone,2024-05-28 22:00:00,11.0,0.0,-32.51444444444444,-32.51444444444444,32.51444444444444,-8.12861111111111,8.12861111111111,0.0,900
S1_supplementary_timezone,2024-05-28 22:15:00,11.25,0.0,-1.721111111111111,-1.721111111111111,1.721111111111111,-0.43027777777777776,0.43027777777777776,0.0,900
S1_supplementary_timezone,2024-05-28 22:30:00,11.5,0.0,-99.77777777777777,-99.77777777777777,99.77777777777777,-24.944444444444443,24.944444444444443,0.0,900
S1_supplementary_timezone,2024-05-28 22:45:00,11.75,-2520.0,-2489.831111111111,30.168888888888887,30.168888888888887,7.542222222222222,7.542222222222222,7.542222222222222,900
S1_supplementary_timezone,2024-05-28 23:00:00,12.0,0.0,-2520.5555555555557,-2520.5555555555557,2520.5555555555557,-630.1388888888889,630.1388888888889,0.0,900
S1_supplementary_timezone,2024-05-28 23:15:00,12.25,0.0,-128.51,-128.51,128.51,-32.1275,32.1275,0.0,900
S1_supplementary_timezone,2024-05-28 23:30:00,12.5,-99.99999999999908,-2.8722222222222222,97.12777777777686,97.12777777777686,24.281944444444214,24.281944444444214,24.281944444444214,900
S1_supplementary_timezone,2024-05-28 23:45:00,12.75,-2520.0,-1.6222222222222222,2518.3777777777777,2518.3777777777777,629.5944444444444,629.5944444444444,629.5944444444444,900
S1_supplementary_timezone,2024-05-29 00:00:00,13.0,-2520.0,-869.6322222222223,1650.3677777777777,1650.3677777777777,412.59194444444444,412.59194444444444,412.59194444444444,900
S1_supplementary_timezone,2024-05-29 00:15:00,13.25,-99.99999999999908,-108.42666666666666,-8.426666666667586,8.426666666667586,-2.1066666666668965,2.1066666666668965,0.0,900
S1_supplementary_timezone,2024-05-29 00:30:00,13.5,0.0,-2.7,-2.7,2.7,-0.675,0.675,0.0,900
S1_supplementary_timezone,2024-05-29 00:45:00,13.75,0.0,-1.7333333333333334,-1.7333333333333334,1.7333333333333334,-0.43333333333333335,0.43333333333333335,0.0,900
S1_supplementary_timezone,2024-05-29 01:00:00,14.0,-879.9129314942543,-99.72777777777777,780.1851537164765,780.1851537164765,195.04628842911913,195.04628842911913,195.04628842911913,900
S1_supplementary_timezone,2024-05-29 01:15:00,14.25,-100.0,-2.5755555555555554,97.42444444444445,97.42444444444445,24.35611111111111,24.35611111111111,24.35611111111111,900
S1_supplementary_timezone,2024-05-29 01:30:00,14.5,0.0,-1.8355555555555556,-1.8355555555555556,1.8355555555555556,-0.4588888888888889,0.4588888888888889,0.0,900
S1_supplementary_timezone,2024-05-29 01:45:00,14.75,0.0,-1.9633333333333334,-1.9633333333333334,1.9633333333333334,-0.49083333333333334,0.49083333333333334,0.0,900
S1_supplementary_timezone,2024-05-29 02:00:00,15.0,-99.99999999999908,-1.5911111111111111,98.40888888888796,98.40888888888796,24.60222222222199,24.60222222222199,24.60222222222199,900
S1_supplementary_timezone,2024-05-29 02:15:00,15.25,0.0,-1.6433333333333333,-1.6433333333333333,1.6433333333333333,-0.41083333333333333,0.41083333333333333,0.0,900
S1_supplementary_timezone,2024-05-29 02:30:00,15.5,0.0,-1.3888888888888888,-1.3888888888888888,1.3888888888888888,-0.3472222222222222,0.3472222222222222,0.0,900
S1_supplementary_timezone,2024-05-29 02:45:00,15.75,0.0,2322.826666666667,2322.826666666667,2322.826666666667,580.7066666666667,580.7066666666667,0.0,900
S1_supplementary_timezone,2024-05-29 03:00:00,16.0,0.0,26.31111111111111,26.31111111111111,26.31111111111111,6.5777777777777775,6.5777777777777775,0.0,900
S1_supplementary_timezone,2024-05-29 03:15:00,16.25,0.0,-1.9155555555555555,-1.9155555555555555,1.9155555555555555,-0.47888888888888886,0.47888888888888886,0.0,900
S1_supplementary_timezone,2024-05-29 03:30:00,16.5,0.0,301.81666666666666,301.81666666666666,301.81666666666666,75.45416666666667,75.45416666666667,0.0,900
S1_supplementary_timezone,2024-05-29 03:45:00,16.75,2352.026252736965,2329.0433333333335,-22.982919403631513,22.982919403631513,-5.745729850907878,5.745729850907878,5.745729850907878,900
S1_supplementary_timezone,2024-05-29 04:00:00,17.0,0.0,2352.5788888888887,2352.5788888888887,2352.5788888888887,588.1447222222222,588.1447222222222,0.0,900
S1_supplementary_timezone,2024-05-29 04:15:00,17.25,0.0,25.15888888888889,25.15888888888889,25.15888888888889,6.289722222222222,6.289722222222222,0.0,900
S1_supplementary_timezone,2024-05-29 04:30:00,17.5,309.7094400725797,-1.4833333333333334,-311.19277340591304,311.19277340591304,-77.79819335147826,77.79819335147826,77.79819335147826,900
S1_supplementary_timezone,2024-05-29 04:45:00,17.75,2352.0262527369646,-1.3266666666666667,-2353.3529194036314,2353.3529194036314,-588.3382298509079,588.3382298509079,588.3382298509079,900
S1_supplementary_timezone,2024-05-29 05:00:00,18.0,2352.0262527369646,-1.4022222222222223,-2353.4284749591866,2353.4284749591866,-588.3571187397966,588.3571187397966,588.3571187397966,900
S1_supplementary_timezone,2024-05-29 05:15:00,18.25,0.0,-1.5033333333333334,-1.5033333333333334,1.5033333333333334,-0.37583333333333335,0.37583333333333335,0.0,900
S1_supplementary_timezone,2024-05-29 05:30:00,18.5,0.0,-100.31444444444445,-100.31444444444445,100.31444444444445,-25.078611111111112,25.078611111111112,0.0,900
S1_supplementary_timezone,2024-05-29 05:45:00,18.75,0.0,-2.6,-2.6,2.6,-0.65,0.65,0.0,900
S1_supplementary_timezone,2024-05-29 06:00:00,19.0,0.0,-1.4377777777777778,-1.4377777777777778,1.4377777777777778,-0.35944444444444446,0.35944444444444446,0.0,900
S1_supplementary_timezone,2024-05-29 06:15:00,19.25,0.0,-1.6633333333333333,-1.6633333333333333,1.6633333333333333,-0.41583333333333333,0.41583333333333333,0.0,900
S1_supplementary_timezone,2024-05-29 06:30:00,19.5,-99.99999999999908,-1.7255555555555555,98.27444444444352,98.27444444444352,24.56861111111088,24.56861111111088,24.56861111111088,900
S1_supplementary_timezone,2024-05-29 06:45:00,19.75,0.0,-100.06666666666666,-100.06666666666666,100.06666666666666,-25.016666666666666,25.016666666666666,0.0,900
S1_supplementary_timezone,2024-05-29 07:00:00,20.0,0.0,-2.83,-2.83,2.83,-0.7075,0.7075,0.0,900
S1_supplementary_timezone,2024-05-29 07:15:00,20.25,0.0,-1.6633333333333333,-1.6633333333333333,1.6633333333333333,-0.41583333333333333,0.41583333333333333,0.0,900
S1_supplementary_timezone,2024-05-29 07:30:00,20.5,0.0,-1.8488888888888888,-1.8488888888888888,1.8488888888888888,-0.4622222222222222,0.4622222222222222,0.0,900
S1_supplementary_timezone,2024-05-29 07:45:00,20.75,-99.99999999999908,-2489.1588888888887,-2389.1588888888896,2389.1588888888896,-597.2897222222224,597.2897222222224,0.0,900
S1_supplementary_timezone,2024-05-29 08:00:00,21.0,0.0,-30.892222222222223,-30.892222222222223,30.892222222222223,-7.723055555555556,7.723055555555556,0.0,900
S1_supplementary_timezone,2024-05-29 08:15:00,21.25,0.0,-1.8844444444444444,-1.8844444444444444,1.8844444444444444,-0.4711111111111111,0.4711111111111111,0.0,900
S1_supplementary_timezone,2024-05-29 08:30:00,21.5,0.0,-99.85888888888888,-99.85888888888888,99.85888888888888,-24.96472222222222,24.96472222222222,0.0,900
S1_supplementary_timezone,2024-05-29 08:45:00,21.75,-2520.0,-2467.552222222222,52.4477777777779,52.4477777777779,13.111944444444475,13.111944444444475,13.111944444444475,900
S1_supplementary_timezone,2024-05-29 09:00:00,22.0,0.0,-31.026666666666667,-31.026666666666667,31.026666666666667,-7.756666666666667,7.756666666666667,0.0,900
S1_supplementary_timezone,2024-05-29 09:15:00,22.25,0.0,-100.11777777777777,-100.11777777777777,100.11777777777777,-25.029444444444444,25.029444444444444,0.0,900
S1_supplementary_timezone,2024-05-29 09:30:00,22.5,-99.99999999999962,-100.83222222222223,-0.8322222222226117,0.8322222222226117,-0.20805555555565292,0.20805555555565292,0.0,900
S1_supplementary_timezone,2024-05-29 09:45:00,22.75,-2495.991261984779,-100.15222222222222,2395.839039762557,2395.839039762557,598.9597599406393,598.9597599406393,598.9597599406393,900
S1_supplementary_timezone,2024-05-29 10:00:00,23.0,0.0,-2.7888888888888888,-2.7888888888888888,2.7888888888888888,-0.6972222222222222,0.6972222222222222,0.0,900
S1_supplementary_timezone,2024-05-29 10:15:00,23.25,-99.99999999999908,-1.9955555555555555,98.00444444444352,98.00444444444352,24.50111111111088,24.50111111111088,24.50111111111088,900
S1_supplementary_timezone,2024-05-29 10:30:00,23.5,-99.99999999999991,-99.78222222222222,0.21777777777769813,0.21777777777769813,0.05444444444442453,0.05444444444442453,0.05444444444442453,900
S1_supplementary_timezone,2024-05-29 10:45:00,23.75,-99.99999999999908,-100.78555555555556,-0.7855555555564848,0.7855555555564848,-0.1963888888891212,0.1963888888891212,0.0,900
S1_supplementary_timezone,2024-05-29 11:00:00,24.0,0.0,-3.2422222222222223,-3.2422222222222223,3.2422222222222223,-0.8105555555555556,0.8105555555555556,0.0,900
S1_supplementary_timezone,2024-05-29 11:15:00,24.25,0.0,-99.57444444444444,-99.57444444444444,99.57444444444444,-24.89361111111111,24.89361111111111,0.0,900
S1_supplementary_timezone,2024-05-29 11:30:00,24.5,-99.99999999999908,-100.51333333333334,-0.5133333333342591,0.5133333333342591,-0.12833333333356478,0.12833333333356478,0.0,900
S1_supplementary_timezone,2024-05-29 11:45:00,24.75,-100.0000000000734,-3.1855555555555557,96.81444444451785,96.81444444451785,24.20361111112946,24.20361111112946,24.20361111112946,900
S1_supplementary_timezone,2024-05-29 12:00:00,25.0,0.0,-99.49777777777778,-99.49777777777778,99.49777777777778,-24.874444444444446,24.874444444444446,0.0,900
S1_supplementary_timezone,2024-05-29 12:15:00,25.25,-100.0,-101.15777777777778,-1.1577777777777811,1.1577777777777811,-0.2894444444444453,0.2894444444444453,0.0,900
S1_supplementary_timezone,2024-05-29 12:30:00,25.5,-99.99999999999956,-100.49222222222222,-0.4922222222226651,0.4922222222226651,-0.12305555555566627,0.12305555555566627,0.0,900
S1_supplementary_timezone,2024-05-29 12:45:00,25.75,0.0,-2.5644444444444443,-2.5644444444444443,2.5644444444444443,-0.6411111111111111,0.6411111111111111,0.0,900
S1_supplementary_timezone,2024-05-29 13:00:00,26.0,-99.99999999999908,-2487.0622222222223,-2387.062222222223,2387.062222222223,-596.7655555555558,596.7655555555558,0.0,900
S1_supplementary_timezone,2024-05-29 13:15:00,26.25,-100.0,-313.98555555555555,-213.98555555555555,213.98555555555555,-53.49638888888889,53.49638888888889,0.0,900
S1_supplementary_timezone,2024-05-29 13:30:00,26.5,-99.99999999999908,-4.745555555555556,95.25444444444352,95.25444444444352,23.81361111111088,23.81361111111088,23.81361111111088,900
S1_supplementary_timezone,2024-05-29 13:45:00,26.75,0.0,-1.8877777777777778,-1.8877777777777778,1.8877777777777778,-0.47194444444444444,0.47194444444444444,0.0,900
S1_supplementary_timezone,2024-05-29 14:00:00,27.0,-2520.0,-100.13888888888889,2419.8611111111113,2419.8611111111113,604.9652777777778,604.9652777777778,604.9652777777778,900
S1_supplementary_timezone,2024-05-29 14:15:00,27.25,-286.8709560332417,-2.8377777777777777,284.03317825546395,284.03317825546395,71.00829456386599,71.00829456386599,71.00829456386599,900
S1_supplementary_timezone,2024-05-29 14:30:00,27.5,0.0,-1.5677777777777777,-1.5677777777777777,1.5677777777777777,-0.39194444444444443,0.39194444444444443,0.0,900
S1_supplementary_timezone,2024-05-29 14:45:00,27.75,0.0,-1.8644444444444443,-1.8644444444444443,1.8644444444444443,-0.4661111111111111,0.4661111111111111,0.0,900
S1_supplementary_timezone,2024-05-29 15:00:00,28.0,-99.99999999999908,-1.89,98.10999999999908,98.10999999999908,24.52749999999977,24.52749999999977,24.52749999999977,900
S1_supplementary_timezone,2024-05-29 15:15:00,28.25,0.0,-1.6666666666666667,-1.6666666666666667,1.6666666666666667,-0.4166666666666667,0.4166666666666667,0.0,900
S1_supplementary_timezone,2024-05-29 15:30:00,28.5,0.0,-1.6633333333333333,-1.6633333333333333,1.6633333333333333,-0.41583333333333333,0.41583333333333333,0.0,900
S1_supplementary_timezone,2024-05-29 15:45:00,28.75,0.0,-1.7233333333333334,-1.7233333333333334,1.7233333333333334,-0.43083333333333335,0.43083333333333335,0.0,900
S1_supplementary_timezone,2024-05-29 16:00:00,29.0,0.0,-1.761111111111111,-1.761111111111111,1.761111111111111,-0.44027777777777777,0.44027777777777777,0.0,900
S1_supplementary_timezone,2024-05-29 16:15:00,29.25,0.0,-1.9966666666666666,-1.9966666666666666,1.9966666666666666,-0.49916666666666665,0.49916666666666665,0.0,900
S1_supplementary_timezone,2024-05-29 16:30:00,29.5,0.0,-1.9133333333333333,-1.9133333333333333,1.9133333333333333,-0.47833333333333333,0.47833333333333333,0.0,900
S1_supplementary_timezone,2024-05-29 16:45:00,29.75,0.0,2320.56,2320.56,2320.56,580.14,580.14,0.0,900
S1_supplementary_timezone,2024-05-29 17:00:00,30.0,0.0,2352.431111111111,2352.431111111111,2352.431111111111,588.1077777777778,588.1077777777778,0.0,900
S1_supplementary_timezone,2024-05-29 17:15:00,30.25,0.0,198.57555555555555,198.57555555555555,198.57555555555555,49.64388888888889,49.64388888888889,0.0,900
S1_supplementary_timezone,2024-05-29 17:30:00,30.5,0.0,-0.10444444444444445,-0.10444444444444445,0.10444444444444445,-0.026111111111111113,0.026111111111111113,0.0,900
S1_supplementary_timezone,2024-05-29 17:45:00,30.75,2352.026252736964,-2.048888888888889,-2354.075141625853,2354.075141625853,-588.5187854064633,588.5187854064633,588.5187854064633,900
S1_supplementary_timezone,2024-05-29 18:00:00,31.0,2352.026252736965,2321.3888888888887,-30.637363848076347,30.637363848076347,-7.659340962019087,7.659340962019087,7.659340962019087,900
S1_supplementary_timezone,2024-05-29 18:15:00,31.25,171.30454073144597,27.815555555555555,-143.4889851758904,143.4889851758904,-35.8722462939726,35.8722462939726,35.8722462939726,900
S1_supplementary_timezone,2024-05-29 18:30:00,31.5,0.0,-1.63,-1.63,1.63,-0.4075,0.4075,0.0,900
S1_supplementary_timezone,2024-05-29 18:45:00,31.75,0.0,-1.931111111111111,-1.931111111111111,1.931111111111111,-0.48277777777777775,0.48277777777777775,0.0,900
S1_supplementary_timezone,2024-05-29 19:00:00,32.0,2352.0262527369646,-1.6344444444444444,-2353.660697181409,2353.660697181409,-588.4151742953522,588.4151742953522,588.4151742953522,900
S1_supplementary_timezone,2024-05-29 19:15:00,32.25,0.0,-1.508888888888889,-1.508888888888889,1.508888888888889,-0.37722222222222224,0.37722222222222224,0.0,900
S1_supplementary_timezone,2024-05-29 19:30:00,32.5,0.0,-1.7133333333333334,-1.7133333333333334,1.7133333333333334,-0.42833333333333334,0.42833333333333334,0.0,900
S1_supplementary_timezone,2024-05-29 19:45:00,32.75,0.0,-1.7544444444444445,-1.7544444444444445,1.7544444444444445,-0.4386111111111111,0.4386111111111111,0.0,900
S1_supplementary_timezone,2024-05-29 20:00:00,33.0,0.0,-1.4822222222222223,-1.4822222222222223,1.4822222222222223,-0.3705555555555556,0.3705555555555556,0.0,900
S1_supplementary_timezone,2024-05-29 20:15:00,33.25,0.0,-1.84,-1.84,1.84,-0.46,0.46,0.0,900
S1_supplementary_timezone,2024-05-29 20:30:00,33.5,0.0,-1.8855555555555557,-1.8855555555555557,1.8855555555555557,-0.4713888888888889,0.4713888888888889,0.0,900
S1_supplementary_timezone,2024-05-29 20:45:00,33.75,0.0,-930.2455555555556,-930.2455555555556,930.2455555555556,-232.5613888888889,232.5613888888889,0.0,900
S1_supplementary_timezone,2024-05-29 21:00:00,34.0,0.0,-12.512222222222222,-12.512222222222222,12.512222222222222,-3.1280555555555556,3.1280555555555556,0.0,900
S1_supplementary_timezone,2024-05-29 21:15:00,34.25,0.0,-2.011111111111111,-2.011111111111111,2.011111111111111,-0.5027777777777778,0.5027777777777778,0.0,900
S1_supplementary_timezone,2024-05-29 21:30:00,34.5,0.0,-99.66555555555556,-99.66555555555556,99.66555555555556,-24.91638888888889,24.91638888888889,0.0,900
S1_supplementary_timezone,2024-05-29 21:45:00,34.75,-941.5738700068164,-2488.9144444444446,-1547.3405744376282,1547.3405744376282,-386.83514360940706,386.83514360940706,0.0,900
S1_supplementary_timezone,2024-05-29 22:00:00,35.0,0.0,-34.01222222222222,-34.01222222222222,34.01222222222222,-8.503055555555555,8.503055555555555,0.0,900
S1_supplementary_timezone,2024-05-29 22:15:00,35.25,0.0,-2.07,-2.07,2.07,-0.5175,0.5175,0.0,900
S1_supplementary_timezone,2024-05-29 22:30:00,35.5,-100.0,-1.9388888888888889,98.06111111111112,98.06111111111112,24.51527777777778,24.51527777777778,24.51527777777778,900
S1_supplementary_timezone,2024-05-29 22:45:00,35.75,-2520.0,-99.94,2420.06,2420.06,605.015,605.015,605.015,900
S1_supplementary_timezone,2024-05-29 23:00:00,36.0,0.0,-2488.4555555555557,-2488.4555555555557,2488.4555555555557,-622.1138888888889,622.1138888888889,0.0,900
S1_supplementary_timezone,2024-05-29 23:15:00,36.25,0.0,-131.65333333333334,-131.65333333333334,131.65333333333334,-32.913333333333334,32.913333333333334,0.0,900
S1_supplementary_timezone,2024-05-29 23:30:00,36.5,0.0,-3.3033333333333332,-3.3033333333333332,3.3033333333333332,-0.8258333333333333,0.8258333333333333,0.0,900
S1_supplementary_timezone,2024-05-29 23:45:00,36.75,-99.99999999999908,-1.8511111111111112,98.14888888888797,98.14888888888797,24.537222222221992,24.537222222221992,24.537222222221992,900
S1_supplementary_timezone,2024-05-30 00:00:00,37.0,-2520.0,-2485.7555555555555,34.244444444444525,34.244444444444525,8.561111111111131,8.561111111111131,8.561111111111131,900
S1_supplementary_timezone,2024-05-30 00:15:00,37.25,-99.99999999999908,-34.29888888888889,65.70111111111018,65.70111111111018,16.425277777777545,16.425277777777545,16.425277777777545,900
S1_supplementary_timezone,2024-05-30 00:30:00,37.5,0.0,-1.6211111111111112,-1.6211111111111112,1.6211111111111112,-0.4052777777777778,0.4052777777777778,0.0,900
S1_supplementary_timezone,2024-05-30 00:45:00,37.75,0.0,-1.5733333333333333,-1.5733333333333333,1.5733333333333333,-0.3933333333333333,0.3933333333333333,0.0,900
S1_supplementary_timezone,2024-05-30 01:00:00,38.0,-2520.0,-99.92111111111112,2420.0788888888887,2420.0788888888887,605.0197222222222,605.0197222222222,605.0197222222222,900
S1_supplementary_timezone,2024-05-30 01:15:00,38.25,0.0,-2.6133333333333333,-2.6133333333333333,2.6133333333333333,-0.6533333333333333,0.6533333333333333,0.0,900
S1_supplementary_timezone,2024-05-30 01:30:00,38.5,0.0,-1.5577777777777777,-1.5577777777777777,1.5577777777777777,-0.3894444444444444,0.3894444444444444,0.0,900
S1_supplementary_timezone,2024-05-30 01:45:00,38.75,0.0,2137.842222222222,2137.842222222222,2137.842222222222,534.4605555555555,534.4605555555555,0.0,900
S1_supplementary_timezone,2024-05-30 02:00:00,39.0,-99.99999999999908,-2443.91,-2343.9100000000008,2343.9100000000008,-585.9775000000002,585.9775000000002,0.0,900
S1_supplementary_timezone,2024-05-30 02:15:00,39.25,0.0,-31.604444444444443,-31.604444444444443,31.604444444444443,-7.901111111111111,7.901111111111111,0.0,900
S1_supplementary_timezone,2024-05-30 02:30:00,39.5,0.0,-1.761111111111111,-1.761111111111111,1.761111111111111,-0.44027777777777777,0.44027777777777777,0.0,900
S1_supplementary_timezone,2024-05-30 02:45:00,39.75,2167.085957073119,1039.47,-1127.615957073119,1127.615957073119,-281.90398926827976,281.90398926827976,281.90398926827976,900
S1_supplementary_timezone,2024-05-30 03:00:00,40.0,-2520.0,-1199.148888888889,1320.851111111111,1320.851111111111,330.2127777777778,330.2127777777778,330.2127777777778,900
S1_supplementary_timezone,2024-05-30 03:15:00,40.25,0.0,-15.662222222222223,-15.662222222222223,15.662222222222223,-3.9155555555555557,3.9155555555555557,0.0,900
S1_supplementary_timezone,2024-05-30 03:30:00,40.5,0.0,-1.5022222222222221,-1.5022222222222221,1.5022222222222221,-0.37555555555555553,0.37555555555555553,0.0,900
S1_supplementary_timezone,2024-05-30 03:45:00,40.75,1053.2948075999998,2320.802222222222,1267.5074146222223,1267.5074146222223,316.8768536555556,316.8768536555556,0.0,900
S1_supplementary_timezone,2024-05-30 04:00:00,41.0,-1228.3327719602532,-1044.1733333333334,184.15943862691984,184.15943862691984,46.03985965672996,46.03985965672996,46.03985965672996,900
S1_supplementary_timezone,2024-05-30 04:15:00,41.25,0.0,2304.05,2304.05,2304.05,576.0125,576.0125,0.0,900
S1_supplementary_timezone,2024-05-30 04:30:00,41.5,0.0,2352.1877777777777,2352.1877777777777,2352.1877777777777,588.0469444444444,588.0469444444444,0.0,900
S1_supplementary_timezone,2024-05-30 04:45:00,41.75,2352.026252736964,28.963333333333335,-2323.062919403631,2323.062919403631,-580.7657298509077,580.7657298509077,580.7657298509077,900
S1_supplementary_timezone,2024-05-30 05:00:00,42.0,-1091.4216105988844,1397.1933333333334,2488.614943932218,2488.614943932218,622.1537359830545,622.1537359830545,622.1537359830545,900
S1_supplementary_timezone,2024-05-30 05:15:00,42.25,2352.026252736964,15.734444444444444,-2336.29180829252,2336.29180829252,-584.07295207313,584.07295207313,584.07295207313,900
S1_supplementary_timezone,2024-05-30 05:30:00,42.5,2352.026252736965,-99.71444444444444,-2451.7406971814094,2451.7406971814094,-612.9351742953523,612.9351742953523,612.9351742953523,900
S1_supplementary_timezone,2024-05-30 05:45:00,42.75,0.0,-1161.9277777777777,-1161.9277777777777,1161.9277777777777,-290.4819444444444,290.4819444444444,0.0,900
S1_supplementary_timezone,2024-05-30 06:00:00,43.0,1415.9374244628598,1058.2066666666667,-357.7307577961931,357.7307577961931,-89.43268944904827,89.43268944904827,89.43268944904827,900
S1_supplementary_timezone,2024-05-30 06:15:00,43.25,0.0,11.183333333333334,11.183333333333334,11.183333333333334,2.7958333333333334,2.7958333333333334,0.0,900
S1_supplementary_timezone,2024-05-30 06:30:00,43.5,-100.0,-99.89777777777778,0.10222222222222399,0.10222222222222399,0.025555555555555998,0.025555555555555998,0.025555555555555998,900
S1_supplementary_timezone,2024-05-30 06:45:00,43.75,-1162.558173517522,-2488.9211111111113,-1326.3629375935893,1326.3629375935893,-331.59073439839733,331.59073439839733,0.0,900
S1_supplementary_timezone,2024-05-30 07:00:00,44.0,1086.602625437099,-34.004444444444445,-1120.6070698815436,1120.6070698815436,-280.1517674703859,280.1517674703859,280.1517674703859,900
S1_supplementary_timezone,2024-05-30 07:15:00,44.25,0.0,-2.0844444444444443,-2.0844444444444443,2.0844444444444443,-0.5211111111111111,0.5211111111111111,0.0,900
S1_supplementary_timezone,2024-05-30 07:30:00,44.5,-100.0,-99.86444444444444,0.13555555555555543,0.13555555555555543,0.03388888888888886,0.03388888888888886,0.03388888888888886,900
S1_supplementary_timezone,2024-05-30 07:45:00,44.75,-2520.0,-2488.728888888889,31.271111111111168,31.271111111111168,7.817777777777792,7.817777777777792,7.817777777777792,900
S1_supplementary_timezone,2024-05-30 08:00:00,45.0,0.0,-34.48777777777778,-34.48777777777778,34.48777777777778,-8.621944444444445,8.621944444444445,0.0,900
S1_supplementary_timezone,2024-05-30 08:15:00,45.25,0.0,-2.14,-2.14,2.14,-0.535,0.535,0.0,900
S1_supplementary_timezone,2024-05-30 08:30:00,45.5,-100.0,-917.0577777777778,-817.0577777777778,817.0577777777778,-204.26444444444445,204.26444444444445,0.0,900
S1_supplementary_timezone,2024-05-30 08:45:00,45.75,-2520.0,-2497.59,22.409999999999854,22.409999999999854,5.602499999999964,5.602499999999964,5.602499999999964,900
S1_supplementary_timezone,2024-05-30 09:00:00,46.0,0.0,-32.577777777777776,-32.577777777777776,32.577777777777776,-8.144444444444444,8.144444444444444,0.0,900
S1_supplementary_timezone,2024-05-30 09:15:00,46.25,0.0,-1.5944444444444446,-1.5944444444444446,1.5944444444444446,-0.39861111111111114,0.39861111111111114,0.0,900
S1_supplementary_timezone,2024-05-30 09:30:00,46.5,-928.6590472515038,-1.6466666666666667,927.0123805848372,927.0123805848372,231.7530951462093,231.7530951462093,231.7530951462093,900
S1_supplementary_timezone,2024-05-30 09:45:00,46.75,-2520.0,-1.748888888888889,2518.251111111111,2518.251111111111,629.5627777777778,629.5627777777778,629.5627777777778,900
S1_supplementary_timezone,2024-05-30 10:00:00,47.0,0.0,-99.78111111111112,-99.78111111111112,99.78111111111112,-24.94527777777778,24.94527777777778,0.0,900
S1_supplementary_timezone,2024-05-30 10:15:00,47.25,0.0,-2.7222222222222223,-2.7222222222222223,2.7222222222222223,-0.6805555555555556,0.6805555555555556,0.0,900
S1_supplementary_timezone,2024-05-30 10:30:00,47.5,0.0,-1.88,-1.88,1.88,-0.47,0.47,0.0,900
S1_supplementary_timezone,2024-05-30 10:45:00,47.75,0.0,-100.04,-100.04,100.04,-25.01,25.01,0.0,900
S1_supplementary_timezone,2024-05-30 11:00:00,48.0,-100.0,-2.8733333333333335,97.12666666666667,97.12666666666667,24.281666666666666,24.281666666666666,24.281666666666666,900
S1_supplementary_timezone,2024-05-30 11:15:00,48.25,0.0,-1.7733333333333334,-1.7733333333333334,1.7733333333333334,-0.44333333333333336,0.44333333333333336,0.0,900
S1_supplementary_timezone,2024-05-30 11:30:00,48.5,0.0,-1.7722222222222221,-1.7722222222222221,1.7722222222222221,-0.44305555555555554,0.44305555555555554,0.0,900
S1_supplementary_timezone,2024-05-30 11:45:00,48.75,-100.0,-1.8311111111111111,98.16888888888889,98.16888888888889,24.54222222222222,24.54222222222222,24.54222222222222,900
S1_supplementary_timezone,2024-05-30 12:00:00,49.0,0.0,-1.96,-1.96,1.96,-0.49,0.49,0.0,900
S1_supplementary_timezone,2024-05-30 12:15:00,49.25,0.0,-1.7922222222222222,-1.7922222222222222,1.7922222222222222,-0.44805555555555554,0.44805555555555554,0.0,900
S1_supplementary_timezone,2024-05-30 12:30:00,49.5,0.0,-1.7422222222222221,-1.7422222222222221,1.7422222222222221,-0.43555555555555553,0.43555555555555553,0.0,900
S1_supplementary_timezone,2024-05-30 12:45:00,49.75,0.0,-1.6877777777777778,-1.6877777777777778,1.6877777777777778,-0.42194444444444446,0.42194444444444446,0.0,900
S1_supplementary_timezone,2024-05-30 13:00:00,50.0,0.0,-1.9577777777777778,-1.9577777777777778,1.9577777777777778,-0.48944444444444446,0.48944444444444446,0.0,900
S1_supplementary_timezone,2024-05-30 13:15:00,50.25,0.0,-2.031111111111111,-2.031111111111111,2.031111111111111,-0.5077777777777778,0.5077777777777778,0.0,900
S1_supplementary_timezone,2024-05-30 13:30:00,50.5,0.0,-1.9777777777777779,-1.9777777777777779,1.9777777777777779,-0.49444444444444446,0.49444444444444446,0.0,900
S1_supplementary_timezone,2024-05-30 13:45:00,50.75,0.0,2320.806666666667,2320.806666666667,2320.806666666667,580.2016666666667,580.2016666666667,0.0,900
S1_supplementary_timezone,2024-05-30 14:00:00,51.0,0.0,-1045.2322222222222,-1045.2322222222222,1045.2322222222222,-261.30805555555554,261.30805555555554,0.0,900
S1_supplementary_timezone,2024-05-30 14:15:00,51.25,0.0,-111.88444444444444,-111.88444444444444,111.88444444444444,-27.97111111111111,27.97111111111111,0.0,900
S1_supplementary_timezone,2024-05-30 14:30:00,51.5,0.0,-2.91,-2.91,2.91,-0.7275,0.7275,0.0,900
S1_supplementary_timezone,2024-05-30 14:45:00,51.75,2352.0262527369646,-1.9244444444444444,-2353.950697181409,2353.950697181409,-588.4876742953522,588.4876742953522,588.4876742953522,900
S1_supplementary_timezone,2024-05-30 15:00:00,52.0,-1091.421610598884,-1724.4677777777779,-633.0461671788939,633.0461671788939,-158.26154179472348,158.26154179472348,0.0,900
S1_supplementary_timezone,2024-05-30 15:15:00,52.25,-100.0,-22.907777777777778,77.09222222222222,77.09222222222222,19.273055555555555,19.273055555555555,19.273055555555555,900
S1_supplementary_timezone,2024-05-30 15:30:00,52.5,0.0,-1.9077777777777778,-1.9077777777777778,1.9077777777777778,-0.47694444444444445,0.47694444444444445,0.0,900
S1_supplementary_timezone,2024-05-30 15:45:00,52.75,0.0,2320.1188888888887,2320.1188888888887,2320.1188888888887,580.0297222222222,580.0297222222222,0.0,900
S1_supplementary_timezone,2024-05-30 16:00:00,53.0,-1747.5694066126944,-1023.65,723.9194066126944,723.9194066126944,180.9798516531736,180.9798516531736,180.9798516531736,900
S1_supplementary_timezone,2024-05-30 16:15:00,53.25,0.0,-13.991111111111111,-13.991111111111111,13.991111111111111,-3.497777777777778,3.497777777777778,0.0,900
S1_supplementary_timezone,2024-05-30 16:30:00,53.5,0.0,2321.3933333333334,2321.3933333333334,2321.3933333333334,580.3483333333334,580.3483333333334,0.0,900
S1_supplementary_timezone,2024-05-30 16:45:00,53.75,2352.026252736964,1422.89,-929.136252736964,929.136252736964,-232.284063184241,232.284063184241,232.284063184241,900
S1_supplementary_timezone,2024-05-30 17:00:00,54.0,-1070.7480000000023,2342.1766666666667,3412.924666666669,3412.924666666669,853.2311666666673,853.2311666666673,853.2311666666673,900
S1_supplementary_timezone,2024-05-30 17:15:00,54.25,0.0,-69.41555555555556,-69.41555555555556,69.41555555555556,-17.35388888888889,17.35388888888889,0.0,900
S1_supplementary_timezone,2024-05-30 17:30:00,54.5,2352.0262527369664,-2.5922222222222224,-2354.6184749591885,2354.6184749591885,-588.6546187397971,588.6546187397971,588.6546187397971,900
S1_supplementary_timezone,2024-05-30 17:45:00,54.75,1412.6339387189028,-103.94222222222223,-1516.576160941125,1516.576160941125,-379.14404023528124,379.14404023528124,379.14404023528124,900
S1_supplementary_timezone,2024-05-30 18:00:00,55.0,2352.026252736965,89.65555555555555,-2262.3706971814095,2262.3706971814095,-565.5926742953524,565.5926742953524,565.5926742953524,900
S1_supplementary_timezone,2024-05-30 18:15:00,55.25,-100.0,-0.65,99.35,99.35,24.8375,24.8375,24.8375,900
S1_supplementary_timezone,2024-05-30 18:30:00,55.5,0.0,-1.6211111111111112,-1.6211111111111112,1.6211111111111112,-0.4052777777777778,0.4052777777777778,0.0,900
S1_supplementary_timezone,2024-05-30 18:45:00,55.75,-106.02215921296536,-298.87,-192.84784078703464,192.84784078703464,-48.21196019675866,48.21196019675866,0.0,900
S1_supplementary_timezone,2024-05-30 19:00:00,56.0,100.0,143.23444444444445,43.23444444444445,43.23444444444445,10.808611111111112,10.808611111111112,0.0,900
S1_supplementary_timezone,2024-05-30 19:15:00,56.25,0.0,-0.3566666666666667,-0.3566666666666667,0.3566666666666667,-0.08916666666666667,0.08916666666666667,0.0,900
S1_supplementary_timezone,2024-05-30 19:30:00,56.5,0.0,-2.0055555555555555,-2.0055555555555555,2.0055555555555555,-0.5013888888888889,0.5013888888888889,0.0,900
S1_supplementary_timezone,2024-05-30 19:45:00,56.75,-301.04098358910346,-2.261111111111111,298.77987247799234,298.77987247799234,74.69496811949809,74.69496811949809,74.69496811949809,900
S1_supplementary_timezone,2024-05-30 20:00:00,57.0,154.26235742158536,-1.7933333333333332,-156.0556907549187,156.0556907549187,-39.01392268872967,39.01392268872967,39.01392268872967,900
S1_supplementary_timezone,2024-05-30 20:15:00,57.25,0.0,-1.728888888888889,-1.728888888888889,1.728888888888889,-0.43222222222222223,0.43222222222222223,0.0,900
S1_supplementary_timezone,2024-05-30 20:30:00,57.5,0.0,-1.8855555555555557,-1.8855555555555557,1.8855555555555557,-0.4713888888888889,0.4713888888888889,0.0,900
S1_supplementary_timezone,2024-05-30 20:45:00,57.75,0.0,-100.12,-100.12,100.12,-25.03,25.03,0.0,900
S1_supplementary_timezone,2024-05-30 21:00:00,58.0,0.0,-2.721111111111111,-2.721111111111111,2.721111111111111,-0.6802777777777778,0.6802777777777778,0.0,900
S1_supplementary_timezone,2024-05-30 21:15:00,58.25,0.0,-1.9722222222222223,-1.9722222222222223,1.9722222222222223,-0.4930555555555556,0.4930555555555556,0.0,900
S1_supplementary_timezone,2024-05-30 21:30:00,58.5,0.0,-1.8666666666666667,-1.8666666666666667,1.8666666666666667,-0.4666666666666667,0.4666666666666667,0.0,900
S1_supplementary_timezone,2024-05-30 21:45:00,58.75,-100.0,-2322.391111111111,-2222.391111111111,2222.391111111111,-555.5977777777778,555.5977777777778,0.0,900
S1_supplementary_timezone,2024-05-30 22:00:00,59.0,0.0,-31.606666666666666,-31.606666666666666,31.606666666666666,-7.901666666666666,7.901666666666666,0.0,900
S1_supplementary_timezone,2024-05-30 22:15:00,59.25,0.0,-99.58555555555556,-99.58555555555556,99.58555555555556,-24.89638888888889,24.89638888888889,0.0,900
S1_supplementary_timezone,2024-05-30 22:30:00,59.5,0.0,-1081.2122222222222,-1081.2122222222222,1081.2122222222222,-270.30305555555555,270.30305555555555,0.0,900
S1_supplementary_timezone,2024-05-30 22:45:00,59.75,-2354.4944446031272,-2504.91,-150.4155553968726,150.4155553968726,-37.60388884921815,37.60388884921815,0.0,900
S1_supplementary_timezone,2024-05-30 23:00:00,60.0,0.0,-2323.5588888888888,-2323.5588888888888,2323.5588888888888,-580.8897222222222,580.8897222222222,0.0,900
S1_supplementary_timezone,2024-05-30 23:15:00,60.25,-100.0,-116.17111111111112,-16.171111111111117,16.171111111111117,-4.042777777777779,4.042777777777779,0.0,900
S1_supplementary_timezone,2024-05-30 23:30:00,60.5,-1091.4216105988878,-2.9255555555555555,1088.4960550433323,1088.4960550433323,272.12401376083307,272.12401376083307,272.12401376083307,900
S1_supplementary_timezone,2024-05-30 23:45:00,60.75,-2520.0,-1.9288888888888889,2518.071111111111,2518.071111111111,629.5177777777777,629.5177777777777,629.5177777777777,900
S1_supplementary_timezone,2024-05-31 00:00:00,61.0,-2520.0,-1.6455555555555557,2518.3544444444447,2518.3544444444447,629.5886111111112,629.5886111111112,629.5886111111112,900
S1_supplementary_timezone,2024-05-31 00:15:00,61.25,-99.99999999999908,-1.6655555555555555,98.33444444444352,98.33444444444352,24.58361111111088,24.58361111111088,24.58361111111088,900
S1_supplementary_timezone,2024-05-31 00:30:00,61.5,0.0,-1.781111111111111,-1.781111111111111,1.781111111111111,-0.4452777777777778,0.4452777777777778,0.0,900
S1_supplementary_timezone,2024-05-31 00:45:00,61.75,0.0,-1.6133333333333333,-1.6133333333333333,1.6133333333333333,-0.4033333333333333,0.4033333333333333,0.0,900
S1_supplementary_timezone,2024-05-31 01:00:00,62.0,-2.69295696853078e-12,-112.86777777777777,-112.86777777777507,112.86777777777507,-28.21694444444377,28.21694444444377,0.0,900
S1_supplementary_timezone,2024-05-31 01:15:00,62.25,0.0,-2.827777777777778,-2.827777777777778,2.827777777777778,-0.7069444444444445,0.7069444444444445,0.0,900
S1_supplementary_timezone,2024-05-31 01:30:00,62.5,0.0,-1.7855555555555556,-1.7855555555555556,1.7855555555555556,-0.4463888888888889,0.4463888888888889,0.0,900
S1_supplementary_timezone,2024-05-31 01:45:00,62.75,0.0,2321.0344444444445,2321.0344444444445,2321.0344444444445,580.2586111111111,580.2586111111111,0.0,900
S1_supplementary_timezone,2024-05-31 02:00:00,63.0,-114.64321609741312,-2381.181111111111,-2266.537895013698,2266.537895013698,-566.6344737534245,566.6344737534245,0.0,900
S1_supplementary_timezone,2024-05-31 02:15:00,63.25,0.0,-249.93777777777777,-249.93777777777777,249.93777777777777,-62.48444444444444,62.48444444444444,0.0,900
S1_supplementary_timezone,2024-05-31 02:30:00,63.5,0.0,-4.292222222222223,-4.292222222222223,4.292222222222223,-1.0730555555555557,1.0730555555555557,0.0,900
S1_supplementary_timezone,2024-05-31 02:45:00,63.75,2352.026252736964,2321.0833333333335,-30.94291940363064,30.94291940363064,-7.73572985090766,7.73572985090766,7.73572985090766,900
S1_supplementary_timezone,2024-05-31 03:00:00,64.0,-2520.0,-2194.7744444444443,325.22555555555573,325.22555555555573,81.30638888888893,81.30638888888893,81.30638888888893,900
S1_supplementary_timezone,2024-05-31 03:15:00,64.25,-227.0413432632255,-28.156666666666666,198.88467659655885,198.88467659655885,49.72116914913971,49.72116914913971,49.72116914913971,900
S1_supplementary_timezone,2024-05-31 03:30:00,64.5,0.0,2320.7455555555557,2320.7455555555557,2320.7455555555557,580.1863888888889,580.1863888888889,0.0,900
S1_supplementary_timezone,2024-05-31 03:45:00,64.75,2352.026252736965,2352.0355555555557,0.009302818590640527,0.009302818590640527,0.0023257046476601317,0.0023257046476601317,0.0,900
S1_supplementary_timezone,2024-05-31 04:00:00,65.0,-2265.6285595440704,2351.9255555555555,4617.554115099626,4617.554115099626,1154.3885287749065,1154.3885287749065,1154.3885287749065,900
S1_supplementary_timezone,2024-05-31 04:15:00,65.25,0.0,-70.08666666666667,-70.08666666666667,70.08666666666667,-17.52166666666667,17.52166666666667,0.0,900
S1_supplementary_timezone,2024-05-31 04:30:00,65.5,2352.0262527369646,-2.6455555555555557,-2354.67180829252,2354.67180829252,-588.66795207313,588.66795207313,588.66795207313,900
S1_supplementary_timezone,2024-05-31 04:45:00,65.75,2352.026252736964,-2486.17,-4838.196252736964,4838.196252736964,-1209.549063184241,1209.549063184241,1209.549063184241,900
S1_supplementary_timezone,2024-05-31 05:00:00,66.0,2352.026252736964,2275.801111111111,-76.22514162585321,76.22514162585321,-19.056285406463303,19.056285406463303,19.056285406463303,900
S1_supplementary_timezone,2024-05-31 05:15:00,66.25,-104.25547061459744,29.56,133.81547061459744,133.81547061459744,33.45386765364936,33.45386765364936,33.45386765364936,900
S1_supplementary_timezone,2024-05-31 05:30:00,66.5,0.0,-99.76333333333334,-99.76333333333334,99.76333333333334,-24.940833333333334,24.940833333333334,0.0,900
S1_supplementary_timezone,2024-05-31 05:45:00,66.75,-2520.0,-1237.0755555555556,1282.9244444444444,1282.9244444444444,320.7311111111111,320.7311111111111,320.7311111111111,900
S1_supplementary_timezone,2024-05-31 06:00:00,67.0,2352.026252736964,1023.73,-1328.296252736964,1328.296252736964,-332.074063184241,332.074063184241,332.074063184241,900
S1_supplementary_timezone,2024-05-31 06:15:00,67.25,0.0,10.355555555555556,10.355555555555556,10.355555555555556,2.588888888888889,2.588888888888889,0.0,900
S1_supplementary_timezone,2024-05-31 06:30:00,67.5,-100.0,-101.60666666666667,-1.6066666666666691,1.6066666666666691,-0.4016666666666673,0.4016666666666673,0.0,900
S1_supplementary_timezone,2024-05-31 06:45:00,67.75,-1246.6910884903068,-2488.8977777777777,-1242.206689287471,1242.206689287471,-310.5516723218677,310.5516723218677,0.0,900
S1_supplementary_timezone,2024-05-31 07:00:00,68.0,1053.294807599999,2277.722222222222,1224.427414622223,1224.427414622223,306.10685365555577,306.10685365555577,0.0,900
S1_supplementary_timezone,2024-05-31 07:15:00,68.25,0.0,28.673333333333332,28.673333333333332,28.673333333333332,7.168333333333333,7.168333333333333,0.0,900
S1_supplementary_timezone,2024-05-31 07:30:00,68.5,-104.25547061459766,-1.1966666666666668,103.05880394793098,103.05880394793098,25.764700986982746,25.764700986982746,25.764700986982746,900
S1_supplementary_timezone,2024-05-31 07:45:00,68.75,-2520.0,-99.60555555555555,2420.3944444444446,2420.3944444444446,605.0986111111112,605.0986111111112,605.0986111111112,900
S1_supplementary_timezone,2024-05-31 08:00:00,69.0,2352.026252736965,-2.7733333333333334,-2354.7995860702986,2354.7995860702986,-588.6998965175746,588.6998965175746,588.6998965175746,900
S1_supplementary_timezone,2024-05-31 08:15:00,69.25,0.0,-99.82888888888888,-99.82888888888888,99.82888888888888,-24.95722222222222,24.95722222222222,0.0,900
S1_supplementary_timezone,2024-05-31 08:30:00,69.5,0.0,-2487.8433333333332,-2487.8433333333332,2487.8433333333332,-621.9608333333333,621.9608333333333,0.0,900
S1_supplementary_timezone,2024-05-31 08:45:00,69.75,-100.0,-2520.5444444444443,-2420.5444444444443,2420.5444444444443,-605.1361111111111,605.1361111111111,0.0,900
S1_supplementary_timezone,2024-05-31 09:00:00,70.0,0.0,2276.051111111111,2276.051111111111,2276.051111111111,569.0127777777777,569.0127777777777,0.0,900
S1_supplementary_timezone,2024-05-31 09:15:00,70.25,-100.0,29.122222222222224,129.12222222222223,129.12222222222223,32.28055555555556,32.28055555555556,32.28055555555556,900
S1_supplementary_timezone,2024-05-31 09:30:00,70.5,-2520.0,-99.80888888888889,2420.1911111111112,2420.1911111111112,605.0477777777778,605.0477777777778,605.0477777777778,900
S1_supplementary_timezone,2024-05-31 09:45:00,70.75,-2520.0,-2365.556666666667,154.44333333333316,154.44333333333316,38.61083333333329,38.61083333333329,38.61083333333329,900
