pool,day,cand_energy_kwh,proxy,ev_energy_kwh,share
caltech.California_Garage_01,2018-11-01,0.0,A4_min_pilot_quantile,509.77180493265985,0.0
caltech.California_Garage_01,2018-11-02,5.080105928099303,A4_min_pilot_quantile,379.71577235836827,0.013378706648257948
caltech.California_Garage_01,2018-11-03,3.4311797831243265,A4_min_pilot_quantile,158.320442761367,0.021672373594205204
caltech.California_Garage_01,2018-11-04,0.7114096397642391,A4_min_pilot_quantile,145.83356199994572,0.004878229880749288
caltech.California_Garage_01,2018-11-05,27.272379371899188,A4_min_pilot_quantile,574.2633836334979,0.047491064464776606
caltech.California_Garage_01,2018-11-06,29.602605127038462,A4_min_pilot_quantile,540.8893480659066,0.05472950286946939
caltech.California_Garage_01,2018-11-07,26.463521185902742,A4_min_pilot_quantile,429.69076550333637,0.061587363077034205
caltech.California_Garage_01,2018-11-08,27.254238632690583,A4_min_pilot_quantile,505.5655772752864,0.05390841437341437
caltech.California_Garage_01,2018-11-09,27.17690824767064,A4_min_pilot_quantile,543.0715796905215,0.0500429579893646
caltech.California_Garage_01,2018-11-10,7.1991231210479265,A4_min_pilot_quantile,249.1218022699626,0.028898005134237695
caltech.California_Garage_01,2018-11-11,4.940104714763169,A4_min_pilot_quantile,194.78453161629642,0.02536189436486989
caltech.California_Garage_01,2018-11-12,25.2742236647974,A4_min_pilot_quantile,459.7007200013057,0.05497973478206781
caltech.California_Garage_01,2018-11-13,20.304295373604774,A4_min_pilot_quantile,460.44268558352974,0.04409733504154305
caltech.California_Garage_01,2018-11-14,31.114643229523633,A4_min_pilot_quantile,499.92709766500406,0.06223836110274869
caltech.California_Garage_01,2018-11-15,34.441807208640036,A4_min_pilot_quantile,615.6611504284479,0.05594279773000369
caltech.California_Garage_01,2018-11-16,25.67927358548788,A4_min_pilot_quantile,478.9110029586755,0.0536201369917235
caltech.California_Garage_01,2018-11-17,4.1559286596261416,A4_min_pilot_quantile,199.01054609026576,0.020882956914962312
caltech.California_Garage_01,2018-11-18,8.485708555953677,A4_min_pilot_quantile,223.09817183709325,0.03803576015920901
caltech.California_Garage_01,2018-11-19,32.23559300932763,A4_min_pilot_quantile,608.1304733903164,0.053007692296054135
caltech.California_Garage_01,2018-11-20,23.362762583839118,A4_min_pilot_quantile,544.5935668815059,0.04289944649478838
caltech.California_Garage_01,2018-11-21,38.4596977466319,A4_min_pilot_quantile,420.77132486986244,0.09140284870535521
caltech.California_Garage_01,2018-11-22,7.58871310947013,A4_min_pilot_quantile,157.00736219440805,0.04833348578949891
caltech.California_Garage_01,2018-11-23,1.252987028935185,A4_min_pilot_quantile,38.55743386379552,0.032496639516036596
caltech.California_Garage_01,2018-11-24,9.302287468558037,A4_min_pilot_quantile,152.92936939768506,0.060827344709490756
caltech.California_Garage_01,2018-11-25,9.16584241360999,A4_min_pilot_quantile,216.0950287152229,0.0424157948848006
caltech.California_Garage_01,2018-11-26,51.80068711790459,A4_min_pilot_quantile,618.0031085908346,0.08381946044902601
caltech.California_Garage_01,2018-11-27,42.39883102375218,A4_min_pilot_quantile,437.4232718340984,0.09692861297931307
caltech.California_Garage_01,2018-11-28,29.519977316701404,A4_min_pilot_quantile,496.75412009907393,0.05942573221297865
caltech.California_Garage_01,2018-11-29,40.7824906193372,A4_min_pilot_quantile,519.7496569614356,0.07846564220505717
caltech.California_Garage_01,2018-11-30,30.803274636674644,A4_min_pilot_quantile,494.0737920347889,0.06234549399962043
caltech.California_Garage_01,2018-12-01,0.0,A4_min_pilot_quantile,1.4631168205567158,0.0
caltech.California_Garage_01,2019-03-01,18.74447663332442,A4_min_pilot_quantile,344.38652663792334,0.05442860037620388
caltech.California_Garage_01,2019-03-02,1.610862369047619,A4_min_pilot_quantile,100.44853666385242,0.01603669324161799
caltech.California_Garage_01,2019-03-03,4.887331774791086,A4_min_pilot_quantile,190.90799880942922,0.02560045574449599
caltech.California_Garage_01,2019-03-04,21.583385058144625,A4_min_pilot_quantile,377.4961581790661,0.057175111826983156
caltech.California_Garage_01,2019-03-05,23.923770406486536,A4_min_pilot_quantile,318.13208504589545,0.07520074689428187
caltech.California_Garage_01,2019-03-06,14.910503106458954,A4_min_pilot_quantile,164.47123397242183,0.09065720944830458
caltech.California_Garage_01,2019-03-07,20.778571951800288,A4_min_pilot_quantile,334.00158026583813,0.062210998927796184
caltech.California_Garage_01,2019-03-08,21.36419543438258,A4_min_pilot_quantile,369.3554851494618,0.05784182526959749
caltech.California_Garage_01,2019-03-09,2.3853691663614165,A4_min_pilot_quantile,133.7747914683971,0.01783123068388363
caltech.California_Garage_01,2019-03-10,1.962501992656173,A4_min_pilot_quantile,93.13774800665144,0.02107096246857956
caltech.California_Garage_01,2019-03-11,22.167893679805825,A4_min_pilot_quantile,367.0237926143661,0.0603990643819044
caltech.California_Garage_01,2019-03-12,19.766910795185847,A4_min_pilot_quantile,472.5728918401529,0.04182827905810555
caltech.California_Garage_01,2019-03-13,23.288605881794957,A4_min_pilot_quantile,342.55984224584057,0.06798405128024819
caltech.California_Garage_01,2019-03-14,26.91703490342535,A4_min_pilot_quantile,434.7970653546656,0.06190712184653092
caltech.California_Garage_01,2019-03-15,19.554160271035013,A4_min_pilot_quantile,293.9922848538108,0.06651249464168224
caltech.California_Garage_01,2019-03-16,11.39078935025337,A4_min_pilot_quantile,224.6432520546339,0.05070612736448053
caltech.California_Garage_01,2019-03-17,6.190254068539916,A4_min_pilot_quantile,146.56813105705243,0.04223465240291784
caltech.California_Garage_01,2019-03-18,25.11784717505403,A4_min_pilot_quantile,391.56865560529616,0.0641467257797391
caltech.California_Garage_01,2019-03-19,25.120638283192203,A4_min_pilot_quantile,423.3319414595078,0.05934028553712388
caltech.California_Garage_01,2019-03-20,22.300962302289648,A4_min_pilot_quantile,287.47605716566073,0.07757502493307995
caltech.California_Garage_01,2019-03-21,18.044773590442514,A4_min_pilot_quantile,404.6082193699448,0.044598138956598074
caltech.California_Garage_01,2019-03-22,16.958488098376712,A4_min_pilot_quantile,362.746845611516,0.04675020142432449
caltech.California_Garage_01,2019-03-23,6.977195438920012,A4_min_pilot_quantile,165.79509693064782,0.04208324352220486
caltech.California_Garage_01,2019-03-24,3.378051071272205,A4_min_pilot_quantile,132.11526908919126,0.025568967876011945
caltech.California_Garage_01,2019-03-25,19.06234000929913,A4_min_pilot_quantile,303.1999651880296,0.0628705217610352
caltech.California_Garage_01,2019-03-26,22.753553400903794,A4_min_pilot_quantile,332.981704718913,0.06833274344640418
caltech.California_Garage_01,2019-03-27,24.74471129449974,A4_min_pilot_quantile,393.3057038309982,0.06291470236376852
caltech.California_Garage_01,2019-03-28,21.228659929076116,A4_min_pilot_quantile,395.9675272253305,0.053612123392622724
caltech.California_Garage_01,2019-03-29,18.017992019620838,A4_min_pilot_quantile,261.95244390775855,0.0687834469143778
caltech.California_Garage_01,2019-03-30,5.861984723476452,A4_min_pilot_quantile,186.37821747041443,0.03145209136044549
caltech.California_Garage_01,2019-03-31,4.8605883609068625,A4_min_pilot_quantile,72.89133178231265,0.06668266640295221
caltech.California_Garage_01,2019-04-01,18.223085751241577,A4_min_pilot_quantile,320.97643505360924,0.05677390537469821
caltech.California_Garage_01,2019-04-02,20.652600375431824,A4_min_pilot_quantile,321.6140677963221,0.0642154757624318
caltech.California_Garage_01,2019-04-03,19.59447431223685,A4_min_pilot_quantile,346.78792617463284,0.05650275812188921
caltech.California_Garage_01,2019-04-04,14.612271681015194,A4_min_pilot_quantile,262.61713077331217,0.05564096918577762
caltech.California_Garage_01,2019-04-05,14.345645154743709,A4_min_pilot_quantile,315.0060457478701,0.045540856591133244
caltech.California_Garage_01,2019-04-06,7.072401671821506,A4_min_pilot_quantile,129.38337423345735,0.05466236843584072
caltech.California_Garage_01,2019-04-07,3.0170225957633052,A4_min_pilot_quantile,91.01690206096328,0.03314793766263873
caltech.California_Garage_01,2019-04-08,15.432410597615245,A4_min_pilot_quantile,256.518961713397,0.06016089607776262
caltech.California_Garage_01,2019-04-09,25.929289743968372,A4_min_pilot_quantile,475.7817362754307,0.054498287275486904
caltech.California_Garage_01,2019-04-10,21.491963087704463,A4_min_pilot_quantile,326.6364640025855,0.06579780721461136
caltech.California_Garage_01,2019-04-11,22.158504146844503,A4_min_pilot_quantile,323.4552763669152,0.06850561968174157
caltech.California_Garage_01,2019-04-12,24.010815315201423,A4_min_pilot_quantile,385.1342134320728,0.06234402054606421
caltech.California_Garage_01,2019-04-13,6.9647825529153575,A4_min_pilot_quantile,290.7035401966992,0.023958368543440394
caltech.California_Garage_01,2019-04-14,8.320050858449898,A4_min_pilot_quantile,213.03736653218928,0.03905442032955643
caltech.California_Garage_01,2019-04-15,25.13430628671096,A4_min_pilot_quantile,375.21441275280927,0.06698651606240244
caltech.California_Garage_01,2019-04-16,25.883131046594848,A4_min_pilot_quantile,334.62838513216656,0.07734888071844806
caltech.California_Garage_01,2019-04-17,22.424385629899028,A4_min_pilot_quantile,310.20536064483605,0.07228883982947483
caltech.California_Garage_01,2019-04-18,19.131927829250827,A4_min_pilot_quantile,283.6451247984301,0.0674502262037705
caltech.California_Garage_01,2019-04-19,21.584859327712678,A4_min_pilot_quantile,323.44601179380203,0.06673404073837554
caltech.California_Garage_01,2019-04-20,4.595599500680827,A4_min_pilot_quantile,112.19124743352977,0.04096219273614542
caltech.California_Garage_01,2019-04-21,3.8779637521961288,A4_min_pilot_quantile,142.38528896434906,0.027235705179957933
caltech.California_Garage_01,2019-04-22,22.952857053138583,A4_min_pilot_quantile,398.88501589210034,0.057542540177411436
caltech.California_Garage_01,2019-04-23,19.77597069561037,A4_min_pilot_quantile,284.5544305511963,0.06949802418223928
caltech.California_Garage_01,2019-04-24,21.78309186734043,A4_min_pilot_quantile,284.9162602966926,0.07645436537969784
caltech.California_Garage_01,2019-04-25,20.200452632025314,A4_min_pilot_quantile,321.31928224125227,0.06286722816982535
caltech.California_Garage_01,2019-04-26,19.722992945068327,A4_min_pilot_quantile,347.98502190786155,0.056677706520053966
caltech.California_Garage_01,2019-04-27,4.050010441759788,A4_min_pilot_quantile,120.67575707924661,0.033561094123488164
caltech.California_Garage_01,2019-04-28,7.9149179761483595,A4_min_pilot_quantile,183.11542276266582,0.04322365564153933
caltech.California_Garage_01,2019-04-29,17.48602978792052,A4_min_pilot_quantile,309.14426260725133,0.05656268578445345
caltech.California_Garage_01,2019-04-30,18.009155058131103,A4_min_pilot_quantile,341.6339090110505,0.05271477620668087
caltech.California_Garage_01,2019-05-01,25.59903634574395,A4_min_pilot_quantile,473.2178576244622,0.05409566848184947
caltech.California_Garage_01,2019-05-02,18.95500606631486,A4_min_pilot_quantile,266.3992866900069,0.07115261569139139
caltech.California_Garage_01,2019-05-03,14.416457694591871,A4_min_pilot_quantile,244.7961501669782,0.058891684713008124
caltech.California_Garage_01,2019-05-04,4.487372490050187,A4_min_pilot_quantile,161.31353595590684,0.027817705832675798
caltech.California_Garage_01,2019-05-05,3.9804751340550104,A4_min_pilot_quantile,198.15962410112763,0.0200872158095316
caltech.California_Garage_01,2019-05-06,17.70881151690693,A4_min_pilot_quantile,353.2997813485392,0.05012403757883093
caltech.California_Garage_01,2019-05-07,25.72333806989691,A4_min_pilot_quantile,363.48154664745573,0.07076930949357445
caltech.California_Garage_01,2019-05-08,25.775055617898136,A4_min_pilot_quantile,346.9287436628543,0.07429495563200253
caltech.California_Garage_01,2019-05-09,18.55364501600677,A4_min_pilot_quantile,245.09835085215994,0.07569877541606994
caltech.California_Garage_01,2019-05-10,18.906536874370627,A4_min_pilot_quantile,368.97137395096786,0.051241202459470725
caltech.California_Garage_01,2019-05-11,4.514474779084614,A4_min_pilot_quantile,142.91401349246766,0.03158874814835811
caltech.California_Garage_01,2019-05-12,2.8376109437936785,A4_min_pilot_quantile,92.553976785834,0.03065898454433558
caltech.California_Garage_01,2019-05-13,26.116761325526856,A4_min_pilot_quantile,480.71229918139966,0.05432929710764804
caltech.California_Garage_01,2019-05-14,15.225926180680652,A4_min_pilot_quantile,326.345912988185,0.04665578937779402
caltech.California_Garage_01,2019-05-15,21.223132065577136,A4_min_pilot_quantile,329.1192188759283,0.06448463307023664
caltech.California_Garage_01,2019-05-16,14.907815051392307,A4_min_pilot_quantile,343.0757721082503,0.04345341835065072
caltech.California_Garage_01,2019-05-17,20.332094677468493,A4_min_pilot_quantile,340.0484121515399,0.05979176479261917
caltech.California_Garage_01,2019-05-18,4.196995236395821,A4_min_pilot_quantile,84.84490715724363,0.04946667250890501
caltech.California_Garage_01,2019-05-19,2.304881726221423,A4_min_pilot_quantile,171.69791064851134,0.013424052264327345
caltech.California_Garage_01,2019-05-20,25.90591084554556,A4_min_pilot_quantile,314.4006381136259,0.08239776802292315
caltech.California_Garage_01,2019-05-21,23.97501807312745,A4_min_pilot_quantile,383.4499144313696,0.06252451016629065
caltech.California_Garage_01,2019-05-22,23.475501465153997,A4_min_pilot_quantile,346.02281282318074,0.06784379698442046
caltech.California_Garage_01,2019-05-23,15.866781017225872,A4_min_pilot_quantile,279.7110405953676,0.056725615776385796
caltech.California_Garage_01,2019-05-24,22.814526644678487,A4_min_pilot_quantile,275.7584001578126,0.0827337503830239
caltech.California_Garage_01,2019-05-25,0.8762910841874629,A4_min_pilot_quantile,52.78383657714018,0.016601504191663292
caltech.California_Garage_01,2019-05-26,1.8852932809873948,A4_min_pilot_quantile,127.9800163363474,0.014731153620363742
caltech.California_Garage_01,2019-05-27,1.9733199958283818,A4_min_pilot_quantile,163.32219883221353,0.012082374655362316
caltech.California_Garage_01,2019-05-28,18.26293078924417,A4_min_pilot_quantile,293.8267749853302,0.06215543423554908
caltech.California_Garage_01,2019-05-29,22.727082791788664,A4_min_pilot_quantile,267.52663457622873,0.08495259856196799
caltech.California_Garage_01,2019-05-30,19.069192673058637,A4_min_pilot_quantile,344.1035198161236,0.0554170230029862
caltech.California_Garage_01,2019-05-31,18.057250907781793,A4_min_pilot_quantile,310.7723177883482,0.0581044381181972
caltech.California_Garage_01,2019-06-01,0.0,A4_min_pilot_quantile,3.9984490806164286,0.0
caltech.California_Garage_01,2019-08-01,12.952116013031219,A4_min_pilot_quantile,201.0326278415188,0.06442792969528227
caltech.California_Garage_01,2019-08-02,20.651112447510144,A4_min_pilot_quantile,324.654324741093,0.06360954059053149
caltech.California_Garage_01,2019-08-03,1.7212156201953006,A4_min_pilot_quantile,108.47484992913056,0.015867416468608304
caltech.California_Garage_01,2019-08-04,3.291693195176556,A4_min_pilot_quantile,44.41100491044903,0.07411886314696035
caltech.California_Garage_01,2019-08-05,16.167264278614223,A4_min_pilot_quantile,276.22062304213875,0.05853025780825869
caltech.California_Garage_01,2019-08-06,12.804620794562057,A4_min_pilot_quantile,213.27616295972064,0.06003774925836573
caltech.California_Garage_01,2019-08-07,19.302528858753366,A4_min_pilot_quantile,334.4920215043023,0.05770699334454856
caltech.California_Garage_01,2019-08-08,18.83475360496924,A4_min_pilot_quantile,307.77694680255485,0.06119611556564084
caltech.California_Garage_01,2019-08-09,13.630374579618632,A4_min_pilot_quantile,210.61279365868256,0.06471769517338966
caltech.California_Garage_01,2019-08-10,8.841671294373542,A4_min_pilot_quantile,188.9696588493516,0.04678884085525183
caltech.California_Garage_01,2019-08-11,0.7042953619281049,A4_min_pilot_quantile,61.48350901407187,0.011455028725945216
caltech.California_Garage_01,2019-08-12,26.4634379728747,A4_min_pilot_quantile,365.0262690216998,0.07249735215988393
caltech.California_Garage_01,2019-08-13,2.6469217587452722,A4_min_pilot_quantile,50.60578890282218,0.052304722762609855
caltech.California_Garage_01,2019-08-14,29.485297097768758,A4_min_pilot_quantile,335.5779716522764,0.08786422110066634
caltech.California_Garage_01,2019-08-15,17.077501693810373,A4_min_pilot_quantile,234.5305014698905,0.07281569598316326
caltech.California_Garage_01,2019-08-16,19.422270587919964,A4_min_pilot_quantile,269.3303674925101,0.07211318489163716
caltech.California_Garage_01,2019-08-17,0.5765152941849816,A4_min_pilot_quantile,19.203605365104274,0.03002120087473747
caltech.California_Garage_01,2019-08-18,0.9745493485838783,A4_min_pilot_quantile,99.36086425861427,0.009808181076679674
caltech.California_Garage_01,2019-08-19,20.373773589465234,A4_min_pilot_quantile,317.9072735053122,0.06408715775773148
caltech.California_Garage_01,2019-08-20,20.943688183225802,A4_min_pilot_quantile,301.69809206790865,0.0694193590674469
caltech.California_Garage_01,2019-08-21,21.96367827254773,A4_min_pilot_quantile,383.99551225558474,0.057197747295361256
caltech.California_Garage_01,2019-08-22,17.62678181361762,A4_min_pilot_quantile,235.0619250327595,0.0749878220862909
caltech.California_Garage_01,2019-08-23,18.70541122859564,A4_min_pilot_quantile,281.78292700236074,0.06638234412420213
caltech.California_Garage_01,2019-08-24,3.1436275711429307,A4_min_pilot_quantile,93.07361473555862,0.033775711624337644
caltech.California_Garage_01,2019-08-25,2.420270679817115,A4_min_pilot_quantile,68.9867158208255,0.03508314102244147
caltech.California_Garage_01,2019-08-26,15.868049573203612,A4_min_pilot_quantile,250.80297129738705,0.06326898557508809
caltech.California_Garage_01,2019-08-27,19.30150742941469,A4_min_pilot_quantile,362.9532693759769,0.053179042752802975
caltech.California_Garage_01,2019-08-28,19.019769697096102,A4_min_pilot_quantile,324.56691789631583,0.05860045694235554
caltech.California_Garage_01,2019-08-29,21.1660357293097,A4_min_pilot_quantile,354.1379889652877,0.05976776394747183
caltech.California_Garage_01,2019-08-30,16.401132176536255,A4_min_pilot_quantile,271.07132304871647,0.06050485898719973
caltech.California_Garage_01,2019-08-31,7.004544371860914,A4_min_pilot_quantile,109.77071323963193,0.0638106847002974
caltech.California_Garage_01,2019-10-01,17.96345088183453,A4_min_pilot_quantile,337.6477618278244,0.053201747242721455
caltech.California_Garage_01,2019-10-02,14.529864107773841,A4_min_pilot_quantile,315.4660773304124,0.046058404221242376
caltech.California_Garage_01,2019-10-03,22.646064811349913,A4_min_pilot_quantile,317.2099514863663,0.07139140719020992
caltech.California_Garage_01,2019-10-04,15.005787364101948,A4_min_pilot_quantile,320.9980851632771,0.04674727999224415
caltech.California_Garage_01,2019-10-05,3.4645413075151974,A4_min_pilot_quantile,77.00801709123792,0.04498935874962813
caltech.California_Garage_01,2019-10-06,0.0,A4_min_pilot_quantile,1.7278092487373735,0.0
caltech.California_Garage_01,2019-10-07,8.166535940470835,A4_min_pilot_quantile,347.9433891161256,0.02347087542377552
caltech.California_Garage_01,2019-10-08,16.045895031308287,A4_min_pilot_quantile,297.6906556088462,0.05390123851382141
caltech.California_Garage_01,2019-10-09,14.450860131858947,A4_min_pilot_quantile,327.31378140150554,0.04414986765904773
caltech.California_Garage_01,2019-10-10,15.785392044569955,A4_min_pilot_quantile,335.5841106030803,0.047038556194457265
caltech.California_Garage_01,2019-10-11,13.561876275275344,A4_min_pilot_quantile,328.4639379803665,0.041288783050777364
caltech.California_Garage_01,2019-10-12,4.490466404286349,A4_min_pilot_quantile,114.07141582556018,0.03936539554443018
caltech.California_Garage_01,2019-10-13,3.4048810074918276,A4_min_pilot_quantile,71.18484917322043,0.04783154065841212
caltech.California_Garage_01,2019-10-14,16.694375236715576,A4_min_pilot_quantile,322.4586824732404,0.05177213746787847
caltech.California_Garage_01,2019-10-15,16.44829666620753,A4_min_pilot_quantile,286.320688645563,0.05744711199185788
caltech.California_Garage_01,2019-10-16,13.569467726143046,A4_min_pilot_quantile,298.72737891204355,0.0454242519569604
caltech.California_Garage_01,2019-10-17,21.04653401602394,A4_min_pilot_quantile,299.811513911175,0.07019921864061361
caltech.California_Garage_01,2019-10-18,17.099874201239338,A4_min_pilot_quantile,333.7844247746844,0.05123029396228516
caltech.California_Garage_01,2019-10-19,2.4719931672732223,A4_min_pilot_quantile,55.46452049338653,0.04456890901216711
caltech.California_Garage_01,2019-10-20,2.2683073854166667,A4_min_pilot_quantile,65.27000051916629,0.03475267913856668
caltech.California_Garage_01,2019-10-21,15.174589682425465,A4_min_pilot_quantile,261.71699264334006,0.05798091109469889
caltech.California_Garage_01,2019-10-22,20.376556219026316,A4_min_pilot_quantile,395.6798276386068,0.05149758667413592
caltech.California_Garage_01,2019-10-23,20.558663155885302,A4_min_pilot_quantile,355.70474542832227,0.05779698871076225
caltech.California_Garage_01,2019-10-24,19.869495624143244,A4_min_pilot_quantile,373.5650016282536,0.05318885746132078
caltech.California_Garage_01,2019-10-25,21.494168413660404,A4_min_pilot_quantile,379.3584876973684,0.05665925268767753
caltech.California_Garage_01,2019-10-26,3.69163254498776,A4_min_pilot_quantile,160.46579313836307,0.023005728964332086
caltech.California_Garage_01,2019-10-27,2.7274763614320725,A4_min_pilot_quantile,79.34183479570675,0.03437627033020994
caltech.California_Garage_01,2019-10-28,20.217089795650697,A4_min_pilot_quantile,465.42500301218246,0.04343791086599943
caltech.California_Garage_01,2019-10-29,22.35338967180682,A4_min_pilot_quantile,403.37668922056514,0.0554156704369797
caltech.California_Garage_01,2019-10-30,21.430871521854858,A4_min_pilot_quantile,311.84581223827394,0.06872265292913422
caltech.California_Garage_01,2019-10-31,15.307791579356605,A4_min_pilot_quantile,234.7489331936536,0.06520920615527827
jpl.Arroyo_Garage_01.current_only,2018-11-01,135.6474806514525,A3_rolling_quantile,589.8483733786998,0.22997008514993883
jpl.Arroyo_Garage_01.current_only,2018-11-02,118.33890711645525,A3_rolling_quantile,727.9312245581319,0.16256880200226226
jpl.Arroyo_Garage_01.current_only,2018-11-03,0.9295385443234022,A3_rolling_quantile,30.939524716050805,0.030043724099005836
jpl.Arroyo_Garage_01.current_only,2018-11-04,0.0,A3_rolling_quantile,5.808926206349207,0.0
jpl.Arroyo_Garage_01.current_only,2018-11-05,141.5390489156323,A3_rolling_quantile,899.918986057974,0.15727976752177794
jpl.Arroyo_Garage_01.current_only,2018-11-06,130.9772795684416,A3_rolling_quantile,681.4219530249085,0.19221171109474644
jpl.Arroyo_Garage_01.current_only,2018-11-07,136.1678478738565,A3_rolling_quantile,747.3464022408332,0.1822017841600263
jpl.Arroyo_Garage_01.current_only,2018-11-08,115.92062103753418,A3_rolling_quantile,675.5087463624259,0.17160491505366848
jpl.Arroyo_Garage_01.current_only,2018-11-09,44.92300620223253,A3_rolling_quantile,358.47092940558673,0.12531840804140926
jpl.Arroyo_Garage_01.current_only,2018-11-10,8.34868485934235,A3_rolling_quantile,76.50614468322532,0.10912437025692757
jpl.Arroyo_Garage_01.current_only,2018-11-11,0.0,A3_rolling_quantile,13.530464822724499,0.0
jpl.Arroyo_Garage_01.current_only,2018-11-12,148.89876555855992,A3_rolling_quantile,788.1084813897112,0.18893181468622094
jpl.Arroyo_Garage_01.current_only,2018-11-13,109.46972938058349,A3_rolling_quantile,617.4628207627443,0.17728958845709425
jpl.Arroyo_Garage_01.current_only,2018-11-14,125.97617268386526,A3_rolling_quantile,828.4835572827864,0.1520563342222926
jpl.Arroyo_Garage_01.current_only,2018-11-15,129.3454162606087,A3_rolling_quantile,686.5342259572797,0.18840344934042275
jpl.Arroyo_Garage_01.current_only,2018-11-16,127.97050461719918,A3_rolling_quantile,821.9374379572037,0.15569372887460847
jpl.Arroyo_Garage_01.current_only,2018-11-17,15.970798578717723,A3_rolling_quantile,118.48533169811809,0.13479135644746976
jpl.Arroyo_Garage_01.current_only,2018-11-18,4.055764772649409,A3_rolling_quantile,42.75579553292387,0.09485883076427123
jpl.Arroyo_Garage_01.current_only,2018-11-19,139.55555189772682,A3_rolling_quantile,813.6026453533372,0.17152789840932686
jpl.Arroyo_Garage_01.current_only,2018-11-20,113.97115170353462,A3_rolling_quantile,703.855533723731,0.16192406856641864
jpl.Arroyo_Garage_01.current_only,2018-11-21,8.963740264964306,A3_rolling_quantile,128.86794229377062,0.06955756494140596
jpl.Arroyo_Garage_01.current_only,2018-11-22,0.0,A3_rolling_quantile,8.825313459859112,0.0
jpl.Arroyo_Garage_01.current_only,2018-11-23,0.2796116361027569,A3_rolling_quantile,30.224663453649573,0.009251108338445183
jpl.Arroyo_Garage_01.current_only,2018-11-24,0.0,A3_rolling_quantile,15.363889699679111,0.0
jpl.Arroyo_Garage_01.current_only,2018-11-25,1.7079414337045584,A3_rolling_quantile,78.82205594909175,0.021668318761028697
jpl.Arroyo_Garage_01.current_only,2018-11-26,74.98489634536078,A3_rolling_quantile,671.1034655536264,0.11173373435570332
jpl.Arroyo_Garage_01.current_only,2018-11-27,164.96317053129988,A3_rolling_quantile,808.9612168205398,0.2039197517770439
jpl.Arroyo_Garage_01.current_only,2018-11-28,132.95985228326165,A3_rolling_quantile,805.2461738390849,0.1651170245856163
jpl.Arroyo_Garage_01.current_only,2018-11-29,116.4077420729056,A3_rolling_quantile,775.3666434949981,0.15013251221150392
jpl.Arroyo_Garage_01.current_only,2018-11-30,176.41567226287464,A3_rolling_quantile,873.0760586937201,0.20206220352305207
jpl.Arroyo_Garage_01.current_only,2018-12-01,5.898949220806263,A3_rolling_quantile,23.72925819065382,0.24859391614398071
jpl.Arroyo_Garage_01.current_only,2019-03-01,113.90752061548221,A3_rolling_quantile,490.0400567738104,0.23244532572580884
jpl.Arroyo_Garage_01.current_only,2019-03-02,3.6389194376890943,A3_rolling_quantile,58.722407531571896,0.06196815816403035
jpl.Arroyo_Garage_01.current_only,2019-03-03,0.0,A3_rolling_quantile,24.629642524107144,0.0
jpl.Arroyo_Garage_01.current_only,2019-03-04,216.58851401137835,A3_rolling_quantile,1011.0699518166949,0.2142171405867726
jpl.Arroyo_Garage_01.current_only,2019-03-05,205.72763082817022,A3_rolling_quantile,1011.4529528011132,0.2033981217400464
jpl.Arroyo_Garage_01.current_only,2019-03-06,199.12186161971292,A3_rolling_quantile,886.9849200578069,0.22449295034997402
jpl.Arroyo_Garage_01.current_only,2019-03-07,180.29476911509389,A3_rolling_quantile,924.8347899631603,0.1949480826973169
jpl.Arroyo_Garage_01.current_only,2019-03-08,198.84650181532143,A3_rolling_quantile,1028.970958591143,0.19324792420534406
jpl.Arroyo_Garage_01.current_only,2019-03-09,8.0462513638905,A3_rolling_quantile,105.53445989944254,0.07624288191323754
jpl.Arroyo_Garage_01.current_only,2019-03-10,0.0,A3_rolling_quantile,30.154326446152947,0.0
jpl.Arroyo_Garage_01.current_only,2019-03-11,206.0259916064405,A3_rolling_quantile,1067.34443496856,0.1930267164530719
jpl.Arroyo_Garage_01.current_only,2019-03-12,185.3794793801019,A3_rolling_quantile,851.6106759961818,0.21768101857489286
jpl.Arroyo_Garage_01.current_only,2019-03-13,154.2654179274412,A3_rolling_quantile,922.2135407708879,0.16727732906468618
jpl.Arroyo_Garage_01.current_only,2019-03-14,202.85012372580474,A3_rolling_quantile,1050.3606152388961,0.19312426683065234
jpl.Arroyo_Garage_01.current_only,2019-03-15,87.70589010030696,A3_rolling_quantile,425.50627551233407,0.20612126106648843
jpl.Arroyo_Garage_01.current_only,2019-03-16,5.234063804606063,A3_rolling_quantile,116.78201466301769,0.044819091533138074
jpl.Arroyo_Garage_01.current_only,2019-03-17,1.2019540724305555,A3_rolling_quantile,40.29083064850023,0.02983195067176647
jpl.Arroyo_Garage_01.current_only,2019-03-18,223.40637919845133,A3_rolling_quantile,1045.3044839245333,0.2137237356523005
jpl.Arroyo_Garage_01.current_only,2019-03-19,161.28443217209878,A3_rolling_quantile,848.9519107711825,0.18998064569474735
jpl.Arroyo_Garage_01.current_only,2019-03-20,171.08288452935764,A3_rolling_quantile,900.4320353860487,0.1900008860257932
jpl.Arroyo_Garage_01.current_only,2019-03-21,159.91364645390738,A3_rolling_quantile,847.2508764985607,0.18874414992024977
jpl.Arroyo_Garage_01.current_only,2019-03-22,213.15969467170905,A3_rolling_quantile,1060.547297526709,0.20099027659475113
jpl.Arroyo_Garage_01.current_only,2019-03-23,5.994001060826915,A3_rolling_quantile,125.98446009068645,0.04757730482404177
jpl.Arroyo_Garage_01.current_only,2019-03-24,0.3507309504629629,A3_rolling_quantile,68.84767012966465,0.0050943038421258375
jpl.Arroyo_Garage_01.current_only,2019-03-25,198.6800262869295,A3_rolling_quantile,1057.1189727871508,0.1879448117018456
jpl.Arroyo_Garage_01.current_only,2019-03-26,196.75294796905547,A3_rolling_quantile,1080.4816230854215,0.1820974496606505
jpl.Arroyo_Garage_01.current_only,2019-03-27,185.58642256225477,A3_rolling_quantile,1002.3654727679715,0.18514845892463666
jpl.Arroyo_Garage_01.current_only,2019-03-28,173.44007229338945,A3_rolling_quantile,950.4758609346594,0.18247709323499864
jpl.Arroyo_Garage_01.current_only,2019-03-29,83.69784712005769,A3_rolling_quantile,548.377297663228,0.15262821323332498
jpl.Arroyo_Garage_01.current_only,2019-03-30,3.3367816574169384,A3_rolling_quantile,93.11001424391618,0.035836979346557926
jpl.Arroyo_Garage_01.current_only,2019-03-31,1.183062647638889,A3_rolling_quantile,44.18197451796459,0.026777043365453265
jpl.Arroyo_Garage_01.current_only,2019-04-01,207.49196244530103,A3_rolling_quantile,945.0996570098617,0.21954506163061271
jpl.Arroyo_Garage_01.current_only,2019-04-02,159.64076075462123,A3_rolling_quantile,928.9206203117212,0.17185619229881022
jpl.Arroyo_Garage_01.current_only,2019-04-03,176.34677964387882,A3_rolling_quantile,949.6303253532113,0.18570045093946144
jpl.Arroyo_Garage_01.current_only,2019-04-04,203.04886987041073,A3_rolling_quantile,963.1195276551516,0.2108241646441968
jpl.Arroyo_Garage_01.current_only,2019-04-05,182.01710267144486,A3_rolling_quantile,880.1244777969586,0.2068083632068185
jpl.Arroyo_Garage_01.current_only,2019-04-06,6.3234778572806984,A3_rolling_quantile,75.00689467625617,0.08430528799484388
jpl.Arroyo_Garage_01.current_only,2019-04-07,3.551788991458333,A3_rolling_quantile,32.82809499375,0.10819357602488182
jpl.Arroyo_Garage_01.current_only,2019-04-08,191.57378603786304,A3_rolling_quantile,834.0876952727068,0.22968062845625312
jpl.Arroyo_Garage_01.current_only,2019-04-09,182.54085624097877,A3_rolling_quantile,931.199521347121,0.19602765256677301
jpl.Arroyo_Garage_01.current_only,2019-04-10,178.24153076105648,A3_rolling_quantile,1066.604241821807,0.16711121498693096
jpl.Arroyo_Garage_01.current_only,2019-04-11,205.4939131158935,A3_rolling_quantile,1004.9773975291654,0.20447615401214023
jpl.Arroyo_Garage_01.current_only,2019-04-12,64.71924792736534,A3_rolling_quantile,401.0917624866296,0.16135770908414696
jpl.Arroyo_Garage_01.current_only,2019-04-13,0.7682102540544868,A3_rolling_quantile,33.614174942828114,0.022853759027585217
jpl.Arroyo_Garage_01.current_only,2019-04-15,128.65583808705966,A3_rolling_quantile,704.8628416948716,0.18252606106700336
jpl.Arroyo_Garage_01.current_only,2019-04-16,208.16670322817745,A3_rolling_quantile,1118.4270232313645,0.18612452927571552
jpl.Arroyo_Garage_01.current_only,2019-04-17,178.62631668358495,A3_rolling_quantile,876.2836276930225,0.20384532021196325
jpl.Arroyo_Garage_01.current_only,2019-04-18,202.47469163542993,A3_rolling_quantile,887.7077513144144,0.22808710562189974
jpl.Arroyo_Garage_01.current_only,2019-04-19,246.38814085918804,A3_rolling_quantile,1097.8865640651202,0.22442039908648864
jpl.Arroyo_Garage_01.current_only,2019-04-20,3.3457019827981322,A3_rolling_quantile,75.73447315269343,0.04417673806289819
jpl.Arroyo_Garage_01.current_only,2019-04-21,0.5513663228186274,A3_rolling_quantile,27.30074943582516,0.02019601418322612
jpl.Arroyo_Garage_01.current_only,2019-04-22,208.06895299711528,A3_rolling_quantile,1009.6010995997407,0.20609025988541893
jpl.Arroyo_Garage_01.current_only,2019-04-23,214.43042296217342,A3_rolling_quantile,1018.2536626524935,0.21058644896360523
jpl.Arroyo_Garage_01.current_only,2019-04-24,214.6369974731965,A3_rolling_quantile,1172.7957404144463,0.18301311138574514
jpl.Arroyo_Garage_01.current_only,2019-04-25,198.06058388336928,A3_rolling_quantile,965.5965578483932,0.2051173259406611
jpl.Arroyo_Garage_01.current_only,2019-04-26,83.43318802589702,A3_rolling_quantile,395.47469383604874,0.2109697265749342
jpl.Arroyo_Garage_01.current_only,2019-04-27,5.899083125300926,A3_rolling_quantile,45.49693933688411,0.12965890038494463
jpl.Arroyo_Garage_01.current_only,2019-04-29,229.36216061460453,A3_rolling_quantile,963.6293279441871,0.2380190743093376
jpl.Arroyo_Garage_01.current_only,2019-04-30,239.12200012073234,A3_rolling_quantile,1065.3598088379956,0.2244518688775639
jpl.Arroyo_Garage_01.current_only,2019-05-01,212.18561352321086,A3_rolling_quantile,1066.1171636097706,0.19902654301593897
jpl.Arroyo_Garage_01.current_only,2019-05-02,188.4350107578183,A3_rolling_quantile,1054.9480863107435,0.1786201740189832
jpl.Arroyo_Garage_01.current_only,2019-05-03,214.77307726894335,A3_rolling_quantile,1096.4277880460709,0.19588437981099288
jpl.Arroyo_Garage_01.current_only,2019-05-04,15.504004823119438,A3_rolling_quantile,139.82779516147454,0.11087927693642925
jpl.Arroyo_Garage_01.current_only,2019-05-05,0.0,A3_rolling_quantile,13.712780594767601,0.0
jpl.Arroyo_Garage_01.current_only,2019-05-06,209.64936572416826,A3_rolling_quantile,1060.426751111591,0.19770282624839816
jpl.Arroyo_Garage_01.current_only,2019-05-07,184.90199519525478,A3_rolling_quantile,923.7503763655802,0.20016445992989626
jpl.Arroyo_Garage_01.current_only,2019-05-08,172.39206843031346,A3_rolling_quantile,1039.1409302155907,0.16589864128876844
jpl.Arroyo_Garage_01.current_only,2019-05-09,173.8738545430013,A3_rolling_quantile,1041.2848841419097,0.16698010044223902
jpl.Arroyo_Garage_01.current_only,2019-05-10,70.2495592972052,A3_rolling_quantile,431.67769230675793,0.1627361351980278
jpl.Arroyo_Garage_01.current_only,2019-05-11,3.8166788578623945,A3_rolling_quantile,74.07781178424608,0.05152256479954605
jpl.Arroyo_Garage_01.current_only,2019-05-12,1.5874502690396906,A3_rolling_quantile,87.78960688181677,0.018082439657996552
jpl.Arroyo_Garage_01.current_only,2019-05-13,185.8479597871393,A3_rolling_quantile,1098.2439725727875,0.169222836116974
jpl.Arroyo_Garage_01.current_only,2019-05-14,191.34723614726857,A3_rolling_quantile,1076.7151102045957,0.17771389509979948
jpl.Arroyo_Garage_01.current_only,2019-05-15,192.8624681751744,A3_rolling_quantile,1116.098275479804,0.17280061479555997
jpl.Arroyo_Garage_01.current_only,2019-05-16,174.45047016410493,A3_rolling_quantile,925.205742419132,0.18855316408647652
jpl.Arroyo_Garage_01.current_only,2019-05-17,189.30144311340504,A3_rolling_quantile,1012.7846236451195,0.1869118455136977
jpl.Arroyo_Garage_01.current_only,2019-05-18,38.44533450792527,A3_rolling_quantile,143.21807073290594,0.2684391313972087
jpl.Arroyo_Garage_01.current_only,2019-05-19,26.20827671372581,A3_rolling_quantile,91.49814619799606,0.28643505691375204
jpl.Arroyo_Garage_01.current_only,2019-05-20,170.81659123273465,A3_rolling_quantile,1028.624529798404,0.1660631127144249
jpl.Arroyo_Garage_01.current_only,2019-05-21,173.27774019844517,A3_rolling_quantile,1037.4853794897053,0.16701704296177464
jpl.Arroyo_Garage_01.current_only,2019-05-22,174.91241277289643,A3_rolling_quantile,992.6757662239231,0.176202964476762
jpl.Arroyo_Garage_01.current_only,2019-05-23,147.01178218751335,A3_rolling_quantile,890.8327097385398,0.16502737335572404
jpl.Arroyo_Garage_01.current_only,2019-05-24,83.87744894140386,A3_rolling_quantile,463.8395107649787,0.18083291094169734
jpl.Arroyo_Garage_01.current_only,2019-05-25,1.2219184771240355,A3_rolling_quantile,50.034463374412766,0.02442153657130887
jpl.Arroyo_Garage_01.current_only,2019-05-26,2.246507728610692,A3_rolling_quantile,29.88032928445895,0.0751834997273314
jpl.Arroyo_Garage_01.current_only,2019-05-27,1.589867981215869,A3_rolling_quantile,77.23147632413632,0.02058575152109328
jpl.Arroyo_Garage_01.current_only,2019-05-28,187.95299564523287,A3_rolling_quantile,858.3336139671792,0.21897429226442924
jpl.Arroyo_Garage_01.current_only,2019-05-29,166.64444965902305,A3_rolling_quantile,924.0806391294778,0.1803353978025219
jpl.Arroyo_Garage_01.current_only,2019-05-30,159.23137034026655,A3_rolling_quantile,984.6282539030869,0.16171724679753
jpl.Arroyo_Garage_01.current_only,2019-05-31,164.21935932728798,A3_rolling_quantile,925.2180429060247,0.17749260359373242
jpl.Arroyo_Garage_01.current_only,2019-06-01,0.5774556691801397,A3_rolling_quantile,44.542727520451045,0.012964084179959806
jpl.Arroyo_Garage_01.current_only,2019-08-01,213.31375792957493,A3_rolling_quantile,964.5894451227109,0.22114461132470517
jpl.Arroyo_Garage_01.current_only,2019-08-02,75.87509185584584,A3_rolling_quantile,419.9098888646347,0.18069374851113712
jpl.Arroyo_Garage_01.current_only,2019-08-03,1.2384225671505156,A3_rolling_quantile,43.45472976643827,0.02849914321885845
jpl.Arroyo_Garage_01.current_only,2019-08-04,1.2450118947448459,A3_rolling_quantile,28.67737974887063,0.0434144229928774
jpl.Arroyo_Garage_01.current_only,2019-08-05,199.12211838323904,A3_rolling_quantile,963.4916694322837,0.20666719256697608
jpl.Arroyo_Garage_01.current_only,2019-08-06,178.4319065053946,A3_rolling_quantile,928.8677369226061,0.19209613964691044
jpl.Arroyo_Garage_01.current_only,2019-08-07,173.60531155515548,A3_rolling_quantile,1052.6348243643884,0.16492453749094177
jpl.Arroyo_Garage_01.current_only,2019-08-08,209.9287513803959,A3_rolling_quantile,1116.5938498302608,0.18800815660260736
jpl.Arroyo_Garage_01.current_only,2019-08-09,197.30740314158814,A3_rolling_quantile,1051.0085122407581,0.18773149869255318
jpl.Arroyo_Garage_01.current_only,2019-08-10,14.35435568514034,A3_rolling_quantile,107.34463264847922,0.13372215574249025
jpl.Arroyo_Garage_01.current_only,2019-08-11,0.0,A3_rolling_quantile,7.012132962599207,0.0
jpl.Arroyo_Garage_01.current_only,2019-08-12,260.92558513826526,A3_rolling_quantile,961.5174288300311,0.2713685444638877
jpl.Arroyo_Garage_01.current_only,2019-08-13,214.3634554136236,A3_rolling_quantile,860.081175182334,0.24923630652441536
jpl.Arroyo_Garage_01.current_only,2019-08-14,160.85452335505235,A3_rolling_quantile,1037.6981601077382,0.15501089771456447
jpl.Arroyo_Garage_01.current_only,2019-08-15,183.26921452142258,A3_rolling_quantile,940.313210960492,0.19490230742820305
jpl.Arroyo_Garage_01.current_only,2019-08-16,65.30476492407871,A3_rolling_quantile,447.6219845967465,0.14589266651616864
jpl.Arroyo_Garage_01.current_only,2019-08-17,0.5885810065277779,A3_rolling_quantile,23.849316109027775,0.024679156577784637
jpl.Arroyo_Garage_01.current_only,2019-08-18,0.0,A3_rolling_quantile,13.91724229513889,0.0
jpl.Arroyo_Garage_01.current_only,2019-08-19,218.05481468590682,A3_rolling_quantile,1047.2667459183854,0.20821325181550265
jpl.Arroyo_Garage_01.current_only,2019-08-20,174.60095782094191,A3_rolling_quantile,773.4659062714322,0.22573840217809063
jpl.Arroyo_Garage_01.current_only,2019-08-21,169.8961484543412,A3_rolling_quantile,958.8210153578525,0.17719276667181968
jpl.Arroyo_Garage_01.current_only,2019-08-22,189.95381271409806,A3_rolling_quantile,981.1984459175201,0.19359367465821042
jpl.Arroyo_Garage_01.current_only,2019-08-23,155.5453919623925,A3_rolling_quantile,980.9939935196439,0.15855896467247613
jpl.Arroyo_Garage_01.current_only,2019-08-24,4.510465518609032,A3_rolling_quantile,72.12972686366555,0.06253268540908787
jpl.Arroyo_Garage_01.current_only,2019-08-25,0.0,A3_rolling_quantile,27.542616558653844,0.0
jpl.Arroyo_Garage_01.current_only,2019-08-26,185.72894481776135,A3_rolling_quantile,1074.0248258260406,0.17292798113387725
jpl.Arroyo_Garage_01.current_only,2019-08-27,193.00196662709266,A3_rolling_quantile,901.550516299466,0.2140778172024069
jpl.Arroyo_Garage_01.current_only,2019-08-28,193.92760815627923,A3_rolling_quantile,1010.0960339681023,0.19198927788523842
jpl.Arroyo_Garage_01.current_only,2019-08-29,169.60812737234744,A3_rolling_quantile,928.7275949234515,0.18262419281977624
jpl.Arroyo_Garage_01.current_only,2019-08-30,54.226821583478504,A3_rolling_quantile,409.4537921203988,0.1324369748846611
jpl.Arroyo_Garage_01.current_only,2019-08-31,1.0762794911210318,A3_rolling_quantile,16.695572160416667,0.0644649659670107
jpl.Arroyo_Garage_01.current_only,2019-10-01,146.8336127476007,A3_rolling_quantile,816.3938134443848,0.17985635159103697
jpl.Arroyo_Garage_01.current_only,2019-10-02,195.27519878724982,A3_rolling_quantile,1018.1967933297905,0.19178532093844539
jpl.Arroyo_Garage_01.current_only,2019-10-03,168.56107054997622,A3_rolling_quantile,1003.159221116158,0.16803022591212183
jpl.Arroyo_Garage_01.current_only,2019-10-04,192.68819174813368,A3_rolling_quantile,1107.5436780903176,0.17397796182663994
jpl.Arroyo_Garage_01.current_only,2019-10-05,6.334604408038047,A3_rolling_quantile,146.43607339613362,0.04325849677013601
jpl.Arroyo_Garage_01.current_only,2019-10-06,0.0,A3_rolling_quantile,29.558312645238097,0.0
jpl.Arroyo_Garage_01.current_only,2019-10-07,174.32825677159818,A3_rolling_quantile,1016.5729261528319,0.17148622817581274
jpl.Arroyo_Garage_01.current_only,2019-10-08,168.80466681123167,A3_rolling_quantile,934.9959233111174,0.18054053777415494
jpl.Arroyo_Garage_01.current_only,2019-10-09,187.5187084695112,A3_rolling_quantile,933.7704413047182,0.20081885244461067
jpl.Arroyo_Garage_01.current_only,2019-10-10,176.13341367639848,A3_rolling_quantile,956.3845226234596,0.18416589719922138
jpl.Arroyo_Garage_01.current_only,2019-10-11,45.26963034649812,A3_rolling_quantile,377.0007745638059,0.12007834837707053
jpl.Arroyo_Garage_01.current_only,2019-10-12,5.307917753055555,A3_rolling_quantile,138.50978027088988,0.03832160980022218
jpl.Arroyo_Garage_01.current_only,2019-10-13,4.596120904208591,A3_rolling_quantile,61.21078654230247,0.0750867806776545
jpl.Arroyo_Garage_01.current_only,2019-10-14,162.03350895181546,A3_rolling_quantile,940.2031045014627,0.17233883633870026
jpl.Arroyo_Garage_01.current_only,2019-10-15,147.5117796675414,A3_rolling_quantile,858.9006262256444,0.17174487381126688
jpl.Arroyo_Garage_01.current_only,2019-10-16,179.75426190292143,A3_rolling_quantile,1023.3992065234792,0.1756443240888886
jpl.Arroyo_Garage_01.current_only,2019-10-17,153.78505234434854,A3_rolling_quantile,834.9912864224701,0.1841756373329863
jpl.Arroyo_Garage_01.current_only,2019-10-18,157.1872797531272,A3_rolling_quantile,1003.297700248802,0.15667062698753045
jpl.Arroyo_Garage_01.current_only,2019-10-19,13.491994030331563,A3_rolling_quantile,151.94530719040438,0.08879506896139013
jpl.Arroyo_Garage_01.current_only,2019-10-20,0.4981288309027778,A3_rolling_quantile,46.00025718369514,0.01082882708489161
jpl.Arroyo_Garage_01.current_only,2019-10-21,170.85324484235002,A3_rolling_quantile,1109.0332269753005,0.15405601986184236
jpl.Arroyo_Garage_01.current_only,2019-10-22,164.09524956253628,A3_rolling_quantile,1032.7166301728726,0.1588966854683723
jpl.Arroyo_Garage_01.current_only,2019-10-23,173.26528949532585,A3_rolling_quantile,1179.9653766259232,0.1468392996333273
jpl.Arroyo_Garage_01.current_only,2019-10-24,180.04229458919892,A3_rolling_quantile,1026.329288926486,0.17542351809672949
jpl.Arroyo_Garage_01.current_only,2019-10-25,73.71511577174108,A3_rolling_quantile,463.1093970008,0.15917430362920004
jpl.Arroyo_Garage_01.current_only,2019-10-26,3.2663370544613683,A3_rolling_quantile,134.9966430355645,0.02419569095211398
jpl.Arroyo_Garage_01.current_only,2019-10-27,7.12373538346832,A3_rolling_quantile,145.9614363327532,0.04880559935864224
jpl.Arroyo_Garage_01.current_only,2019-10-28,178.20972858267143,A3_rolling_quantile,1170.4021974735429,0.15226366540267872
jpl.Arroyo_Garage_01.current_only,2019-10-29,182.04901510539815,A3_rolling_quantile,1002.1581910140212,0.18165696467659875
jpl.Arroyo_Garage_01.current_only,2019-10-30,193.18463067785478,A3_rolling_quantile,1178.9760725669698,0.1638579740276122
jpl.Arroyo_Garage_01.current_only,2019-10-31,174.26387249230226,A3_rolling_quantile,1178.092637500686,0.14792034764091358
jpl.Arroyo_Garage_01.current_only,2019-11-01,3.0276994158638733,A3_rolling_quantile,41.42286343784236,0.0730924703070595
jpl.Arroyo_Garage_01.boundary_2020,2020-06-18,5.524124560982726,A4_min_pilot_quantile,275.75034162157476,0.020033065157771385
jpl.Arroyo_Garage_01.boundary_2020,2020-06-19,2.185027711408281,A4_min_pilot_quantile,152.59111916496494,0.014319494629605977
jpl.Arroyo_Garage_01.boundary_2020,2020-06-20,0.0,A4_min_pilot_quantile,0.04211444444444444,0.0
jpl.Arroyo_Garage_01.boundary_2020,2020-06-22,7.271228771243365,A4_min_pilot_quantile,256.4389995689773,0.028354613703316763
jpl.Arroyo_Garage_01.boundary_2020,2020-06-23,4.839009284685801,A4_min_pilot_quantile,265.2526112264756,0.018243022235714022
jpl.Arroyo_Garage_01.boundary_2020,2020-06-24,4.748028803977809,A4_min_pilot_quantile,303.66925741351236,0.015635526771524078
jpl.Arroyo_Garage_01.boundary_2020,2020-06-25,5.608990521566532,A4_min_pilot_quantile,234.1738616122469,0.02395224848302707
jpl.Arroyo_Garage_01.boundary_2020,2020-06-26,4.044650185154602,A4_min_pilot_quantile,303.50705821734215,0.013326379323469367
jpl.Arroyo_Garage_01.boundary_2020,2020-06-27,0.0,A4_min_pilot_quantile,0.09326590277777777,0.0
jpl.Arroyo_Garage_01.boundary_2020,2020-06-29,4.135391763276143,A4_min_pilot_quantile,215.53198589646496,0.019186905117937622
jpl.Arroyo_Garage_01.boundary_2020,2020-06-30,1.5687663745574614,A4_min_pilot_quantile,171.05184454326806,0.0091712917726569
jpl.Arroyo_Garage_01.boundary_2020,2020-07-01,4.562595519515209,A4_min_pilot_quantile,239.96332251780345,0.019013720395443762
jpl.Arroyo_Garage_01.boundary_2020,2020-07-02,1.0904787812499999,A4_min_pilot_quantile,41.67501810855696,0.026166246128783235
jpl.Arroyo_Garage_01.boundary_2020,2020-07-03,0.0,A4_min_pilot_quantile,42.07573798611111,0.0
jpl.Arroyo_Garage_01.boundary_2020,2020-07-06,8.562968320637014,A4_min_pilot_quantile,390.8626403818574,0.021907871042040068
jpl.Arroyo_Garage_01.boundary_2020,2020-07-07,6.609537908898276,A4_min_pilot_quantile,304.83791800117876,0.021682138338422578
jpl.Arroyo_Garage_01.boundary_2020,2020-07-08,7.8808424034197,A4_min_pilot_quantile,262.2360755573588,0.030052472325440695
jpl.Arroyo_Garage_01.boundary_2020,2020-07-09,6.402606540198636,A4_min_pilot_quantile,430.9939003217101,0.014855445832109198
jpl.Arroyo_Garage_01.boundary_2020,2020-07-10,11.50595373534732,A4_min_pilot_quantile,289.8646774590519,0.03969422503013574
jpl.Arroyo_Garage_01.boundary_2020,2020-07-11,0.18574431944444444,A4_min_pilot_quantile,57.091135085978834,0.003253470423467932
jpl.Arroyo_Garage_01.boundary_2020,2020-07-12,0.0,A4_min_pilot_quantile,7.652540138888889,0.0
jpl.Arroyo_Garage_01.boundary_2020,2020-07-13,10.07660945086939,A4_min_pilot_quantile,322.90940206206426,0.031205686135248028
jpl.Arroyo_Garage_01.boundary_2020,2020-07-14,9.497322775560932,A4_min_pilot_quantile,277.76715901400587,0.03419166905574337
jpl.Arroyo_Garage_01.boundary_2020,2020-07-15,4.340069846313816,A4_min_pilot_quantile,280.53326195472823,0.01547078523264099
jpl.Arroyo_Garage_01.boundary_2020,2020-07-16,5.70028333729186,A4_min_pilot_quantile,328.69182413691163,0.017342333817580727
jpl.Arroyo_Garage_01.boundary_2020,2020-07-17,1.7487382489795535,A4_min_pilot_quantile,210.03460691160504,0.008325952921251333
jpl.Arroyo_Garage_01.boundary_2020,2020-07-18,0.0,A4_min_pilot_quantile,31.8096890134641,0.0
jpl.Arroyo_Garage_01.boundary_2020,2020-07-19,0.0,A4_min_pilot_quantile,3.1782593055555557,0.0
jpl.Arroyo_Garage_01.boundary_2020,2020-07-20,6.301491784137157,A4_min_pilot_quantile,393.9527012376327,0.01599555419810687
jpl.Arroyo_Garage_01.boundary_2020,2020-07-21,7.109035464943349,A4_min_pilot_quantile,284.90773149377617,0.024952062296346094
jpl.Arroyo_Garage_01.boundary_2020,2020-07-22,7.879605409625353,A4_min_pilot_quantile,280.75625744363583,0.028065644845715502
jpl.Arroyo_Garage_01.boundary_2020,2020-07-23,7.60862387791732,A4_min_pilot_quantile,404.84501960126823,0.018793917448733967
jpl.Arroyo_Garage_01.boundary_2020,2020-07-24,4.359547332916607,A4_min_pilot_quantile,314.1238020089077,0.013878436797963441
jpl.Arroyo_Garage_01.boundary_2020,2020-07-25,0.6937456527777778,A4_min_pilot_quantile,22.9030443513431,0.0302905431319699
jpl.Arroyo_Garage_01.boundary_2020,2020-07-26,0.0,A4_min_pilot_quantile,4.812081517857142,0.0
jpl.Arroyo_Garage_01.boundary_2020,2020-07-27,7.699755681173605,A4_min_pilot_quantile,475.5185951197161,0.016192333507452264
jpl.Arroyo_Garage_01.boundary_2020,2020-07-28,11.836246747374696,A4_min_pilot_quantile,388.18865236477274,0.03049096534705611
jpl.Arroyo_Garage_01.boundary_2020,2020-07-29,8.48239082881069,A4_min_pilot_quantile,294.2773199240726,0.02882448036090331
jpl.Arroyo_Garage_01.boundary_2020,2020-07-30,7.685004446378171,A4_min_pilot_quantile,303.1629664847947,0.025349416967008126
jpl.Arroyo_Garage_01.boundary_2020,2020-07-31,3.119541099944037,A4_min_pilot_quantile,166.14792854049406,0.018775684580284932
jpl.Arroyo_Garage_01.boundary_2020,2020-08-01,0.5113288993055554,A4_min_pilot_quantile,5.438587450396826,0.09401869584137078
