layer,pool,split,field_mode,variable,bucket,bucket_rule_source,n_evaluable,n_e1_events,e1_evidence_rate,n_e3_valid_cycles,n_e3_candidates,e3_candidate_rate,daily_candidate_energy_share,a2_elimination,a3_elimination,direction_vs_reference,interpretation_scope,na_reason
opportunity,caltech,train,measured_pilot,n_active,1,pre_existing,19748,69.0,0.003494,20266,0,0.0,0.0,,,bucket<pooled,hypothesis,a0_zero_not_evaluable
opportunity,caltech,train,measured_pilot,n_active,2-3,pre_existing,18141,218.0,0.012017,17655,4265,0.241575,0.034326,0.754391,0.444803,bucket<pooled,hypothesis,
opportunity,caltech,train,measured_pilot,n_active,4-7,pre_existing,10444,197.0,0.018863,9770,5012,0.512999,0.052085,0.485685,0.167778,bucket>pooled,hypothesis,
opportunity,caltech,train,measured_pilot,n_active,8-15,pre_existing,8809,390.0,0.044273,8020,6160,0.76808,0.054902,0.231824,0.009852,bucket>pooled,hypothesis,
opportunity,caltech,train,measured_pilot,n_active,16+,pre_existing,2420,192.0,0.079339,1665,1461,0.877477,0.046109,0.122523,0.000601,bucket>pooled,hypothesis,
opportunity,caltech,train,measured_pilot,elapsed,<30,pre_existing,2914,83.0,0.028483,2749,731,0.265915,0.021625,0.595909,0.380873,bucket>pooled,hypothesis,
opportunity,caltech,train,measured_pilot,elapsed,30-59,pre_existing,4753,186.0,0.039133,4694,1839,0.391777,0.033977,0.511943,0.271762,bucket>pooled,hypothesis,
opportunity,caltech,train,measured_pilot,elapsed,60-119,pre_existing,8507,276.0,0.032444,8426,3509,0.416449,0.043987,0.473044,0.232618,bucket>pooled,hypothesis,
opportunity,caltech,train,measured_pilot,elapsed,120-239,pre_existing,14826,261.0,0.017604,14703,5352,0.364007,0.05011,0.501026,0.223755,bucket>pooled,hypothesis,
opportunity,caltech,train,measured_pilot,elapsed,240+,pre_existing,49521,260.0,0.00525,49244,5467,0.111019,0.036632,0.604757,0.273062,bucket<pooled,hypothesis,
opportunity,caltech,train,measured_pilot,recent_actual_q90,Q1,train_quartile_ecdf,41684,207.0,0.004966,41415,5131,0.123892,0.038635,0.577034,0.221664,bucket<pooled,hypothesis,
opportunity,caltech,train,measured_pilot,recent_actual_q90,Q2,train_quartile_ecdf,18598,403.0,0.021669,18447,6210,0.33664,0.045513,0.471804,0.201752,bucket>pooled,hypothesis,
opportunity,caltech,train,measured_pilot,recent_actual_q90,Q3,train_quartile_ecdf,20072,451.0,0.022469,19954,5557,0.278491,0.035562,0.569425,0.339222,bucket>pooled,hypothesis,
evidence,caltech,train,measured_pilot,recent_var,Q1,train_quartile_ecdf,24700,96.0,0.003887,24591,2007,0.081615,0.027921,0.641351,0.274303,bucket<pooled,hypothesis,
evidence,caltech,train,measured_pilot,recent_var,Q2,train_quartile_ecdf,15451,93.0,0.006019,15317,2645,0.172684,0.044843,0.531361,0.183026,bucket<pooled,hypothesis,
evidence,caltech,train,measured_pilot,recent_var,Q3,train_quartile_ecdf,20075,347.0,0.017285,19954,5356,0.268417,0.038872,0.596413,0.349182,bucket>pooled,hypothesis,
evidence,caltech,train,measured_pilot,recent_var,Q4,train_quartile_ecdf,20128,525.0,0.026083,19954,6890,0.345294,0.040236,0.439062,0.182122,bucket>pooled,hypothesis,
evidence,caltech,train,measured_pilot,lagged_pilot_actual_ratio,Q1,train_quartile_ecdf,20045,567.0,0.028286,19954,7052,0.353413,0.036385,0.538089,0.336805,bucket>pooled,diagnostic,
evidence,caltech,train,measured_pilot,lagged_pilot_actual_ratio,Q2,train_quartile_ecdf,51813,495.0,0.009554,51735,9773,0.188905,0.046554,0.540807,0.199455,bucket<pooled,diagnostic,
evidence,caltech,train,measured_pilot,lagged_pilot_actual_ratio,Q3,train_quartile_ecdf,8133,3.0,0.000369,8127,73,0.008982,0.0,0.70082,0.213115,bucket<pooled,diagnostic,
opportunity,caltech,train,measured_pilot,n_active_x_elapsed,1|<30,pre_existing_cross,608,2.0,0.003289,776,0,0.0,0.0,,,bucket<pooled,hypothesis,a0_zero_not_evaluable
opportunity,caltech,train,measured_pilot,n_active_x_elapsed,1|30-59,pre_existing_cross,571,0.0,0.0,750,0,0.0,0.0,,,bucket<pooled,hypothesis,a0_zero_not_evaluable
opportunity,caltech,train,measured_pilot,n_active_x_elapsed,1|60-119,pre_existing_cross,1267,8.0,0.006314,1452,0,0.0,0.0,,,bucket<pooled,hypothesis,a0_zero_not_evaluable
opportunity,caltech,train,measured_pilot,n_active_x_elapsed,1|120-239,pre_existing_cross,2907,8.0,0.002752,3012,0,0.0,0.0,,,bucket<pooled,hypothesis,a0_zero_not_evaluable
opportunity,caltech,train,measured_pilot,n_active_x_elapsed,1|240+,pre_existing_cross,14295,51.0,0.003568,14276,0,0.0,0.0,,,bucket<pooled,hypothesis,a0_zero_not_evaluable
opportunity,caltech,train,measured_pilot,n_active_x_elapsed,2-3|<30,pre_existing_cross,793,7.0,0.008827,755,124,0.164238,0.0,0.809231,0.670769,bucket<pooled,hypothesis,
opportunity,caltech,train,measured_pilot,n_active_x_elapsed,2-3|30-59,pre_existing_cross,1376,28.0,0.020349,1361,245,0.180015,0.006354,0.806017,0.583531,bucket<pooled,hypothesis,
opportunity,caltech,train,measured_pilot,n_active_x_elapsed,2-3|60-119,pre_existing_cross,2564,37.0,0.014431,2560,578,0.225781,0.02441,0.770726,0.468068,bucket<pooled,hypothesis,
opportunity,caltech,train,measured_pilot,n_active_x_elapsed,2-3|120-239,pre_existing_cross,4428,54.0,0.012195,4461,1039,0.232907,0.031621,0.76541,0.450666,bucket<pooled,hypothesis,
opportunity,caltech,train,measured_pilot,n_active_x_elapsed,2-3|240+,pre_existing_cross,8960,92.0,0.010268,8518,2279,0.267551,0.04337,0.731945,0.396965,bucket<pooled,hypothesis,
opportunity,caltech,train,measured_pilot,n_active_x_elapsed,4-7|<30,pre_existing_cross,754,25.0,0.033156,711,299,0.420534,0.02787,0.567919,0.32659,bucket>pooled,hypothesis,
opportunity,caltech,train,measured_pilot,n_active_x_elapsed,4-7|30-59,pre_existing_cross,868,26.0,0.029954,843,324,0.384342,0.022213,0.612903,0.304659,bucket>pooled,hypothesis,
opportunity,caltech,train,measured_pilot,n_active_x_elapsed,4-7|60-119,pre_existing_cross,1530,30.0,0.019608,1352,564,0.41716,0.032483,0.58284,0.267751,bucket>pooled,hypothesis,
opportunity,caltech,train,measured_pilot,n_active_x_elapsed,4-7|120-239,pre_existing_cross,2743,47.0,0.017135,2802,1554,0.554604,0.058976,0.445396,0.140614,bucket>pooled,hypothesis,
opportunity,caltech,train,measured_pilot,n_active_x_elapsed,4-7|240+,pre_existing_cross,4542,69.0,0.015192,4062,2271,0.559084,0.06066,0.440916,0.097981,bucket>pooled,hypothesis,
opportunity,caltech,train,measured_pilot,n_active_x_elapsed,8-15|<30,pre_existing_cross,688,40.0,0.05814,453,294,0.649007,0.030868,0.349558,0.059735,bucket>pooled,hypothesis,
opportunity,caltech,train,measured_pilot,n_active_x_elapsed,8-15|30-59,pre_existing_cross,1308,92.0,0.070336,1320,982,0.743939,0.04079,0.256061,0.023485,bucket>pooled,hypothesis,
opportunity,caltech,train,measured_pilot,n_active_x_elapsed,8-15|60-119,pre_existing_cross,1777,102.0,0.0574,1890,1572,0.831746,0.056736,0.168254,0.003704,bucket>pooled,hypothesis,
opportunity,caltech,train,measured_pilot,n_active_x_elapsed,8-15|120-239,pre_existing_cross,3460,111.0,0.032081,3121,2424,0.776674,0.061545,0.223326,0.003204,bucket>pooled,hypothesis,
opportunity,caltech,train,measured_pilot,n_active_x_elapsed,8-15|240+,pre_existing_cross,1576,45.0,0.028553,1236,888,0.718447,0.058201,0.281553,0.003236,bucket>pooled,hypothesis,
opportunity,caltech,train,measured_pilot,n_active_x_elapsed,16+|<30,pre_existing_cross,70,9.0,0.128571,15,14,0.933333,0.036599,0.066667,0.0,bucket>pooled,hypothesis,
opportunity,caltech,train,measured_pilot,n_active_x_elapsed,16+|30-59,pre_existing_cross,593,40.0,0.067454,348,288,0.827586,0.040886,0.172414,0.002874,bucket>pooled,hypothesis,
opportunity,caltech,train,measured_pilot,n_active_x_elapsed,16+|60-119,pre_existing_cross,1178,99.0,0.084041,896,795,0.887277,0.050321,0.112723,0.0,bucket>pooled,hypothesis,
opportunity,caltech,train,measured_pilot,n_active_x_elapsed,16+|120-239,pre_existing_cross,523,41.0,0.078394,374,335,0.895722,0.066835,0.104278,0.0,bucket>pooled,hypothesis,
opportunity,caltech,train,measured_pilot,n_active_x_elapsed,16+|240+,pre_existing_cross,56,3.0,0.053571,32,29,0.90625,0.054298,0.09375,0.0,bucket>pooled,hypothesis,
opportunity,caltech,validation,measured_pilot,n_active,1,pre_existing,8514,51.0,0.00599,8650,0,0.0,0.0,,,bucket<pooled,hypothesis,a0_zero_not_evaluable
opportunity,caltech,validation,measured_pilot,n_active,2-3,pre_existing,6474,102.0,0.015755,6151,1576,0.256219,0.036104,0.738162,0.427978,bucket<pooled,hypothesis,
opportunity,caltech,validation,measured_pilot,n_active,4-7,pre_existing,3895,125.0,0.032092,3830,2127,0.555352,0.051925,0.442464,0.093316,bucket>pooled,hypothesis,
opportunity,caltech,validation,measured_pilot,n_active,8-15,pre_existing,3846,214.0,0.055642,3397,2513,0.73977,0.047694,0.260012,0.006184,bucket>pooled,hypothesis,
opportunity,caltech,validation,measured_pilot,n_active,16+,pre_existing,629,55.0,0.08744,402,341,0.848259,0.04462,0.151741,0.0,bucket>pooled,hypothesis,
opportunity,caltech,validation,measured_pilot,elapsed,<30,pre_existing,2131,89.0,0.041764,1974,409,0.207194,0.018297,0.610476,0.324762,bucket>pooled,hypothesis,
opportunity,caltech,validation,measured_pilot,elapsed,30-59,pre_existing,2504,111.0,0.044329,2502,783,0.31295,0.030172,0.52227,0.216595,bucket>pooled,hypothesis,
opportunity,caltech,validation,measured_pilot,elapsed,60-119,pre_existing,3930,121.0,0.030789,3927,1415,0.360326,0.037801,0.463812,0.221675,bucket>pooled,hypothesis,
opportunity,caltech,validation,measured_pilot,elapsed,120-239,pre_existing,5970,94.0,0.015745,5956,2104,0.353257,0.043663,0.438184,0.175167,bucket>pooled,hypothesis,
opportunity,caltech,validation,measured_pilot,elapsed,240+,pre_existing,18664,131.0,0.007019,18643,1846,0.099018,0.028015,0.595087,0.222856,bucket<pooled,hypothesis,
opportunity,caltech,validation,measured_pilot,recent_actual_q90,Q1,train_quartile_ecdf,16095,119.0,0.007394,16090,1957,0.121628,0.036151,0.565111,0.174444,bucket<pooled,hypothesis,
opportunity,caltech,validation,measured_pilot,recent_actual_q90,Q2,train_quartile_ecdf,7360,170.0,0.023098,7355,2555,0.347383,0.041086,0.416133,0.142367,bucket>pooled,hypothesis,
opportunity,caltech,validation,measured_pilot,recent_actual_q90,Q3,train_quartile_ecdf,9564,257.0,0.026872,9558,2045,0.213957,0.031622,0.570017,0.324853,bucket>pooled,hypothesis,
evidence,caltech,validation,measured_pilot,recent_var,Q1,train_quartile_ecdf,10695,58.0,0.005423,10691,792,0.074081,0.02212,0.630079,0.232135,bucket<pooled,hypothesis,
evidence,caltech,validation,measured_pilot,recent_var,Q2,train_quartile_ecdf,4693,55.0,0.01172,4692,933,0.198849,0.041454,0.525432,0.135809,bucket<pooled,hypothesis,
evidence,caltech,validation,measured_pilot,recent_var,Q3,train_quartile_ecdf,8510,131.0,0.015394,8508,2166,0.254584,0.035385,0.528515,0.300174,bucket<pooled,hypothesis,
evidence,caltech,validation,measured_pilot,recent_var,Q4,train_quartile_ecdf,9121,302.0,0.03311,9112,2666,0.292581,0.037591,0.459339,0.164267,bucket>pooled,hypothesis,
evidence,caltech,validation,measured_pilot,lagged_pilot_actual_ratio,Q1,train_quartile_ecdf,9662,302.0,0.031256,9561,2755,0.28815,0.032952,0.524672,0.293133,bucket>pooled,diagnostic,
evidence,caltech,validation,measured_pilot,lagged_pilot_actual_ratio,Q2,train_quartile_ecdf,21973,244.0,0.011105,21891,3799,0.173542,0.041943,0.514629,0.159704,bucket<pooled,diagnostic,
evidence,caltech,validation,measured_pilot,lagged_pilot_actual_ratio,Q3,train_quartile_ecdf,1552,0.0,0.0,1551,3,0.001934,0.0,0.666667,0.444444,bucket<pooled,diagnostic,
opportunity,caltech,validation,measured_pilot,n_active_x_elapsed,1|<30,pre_existing_cross,722,5.0,0.006925,796,0,0.0,0.0,,,bucket<pooled,hypothesis,a0_zero_not_evaluable
opportunity,caltech,validation,measured_pilot,n_active_x_elapsed,1|30-59,pre_existing_cross,650,3.0,0.004615,707,0,0.0,0.0,,,bucket<pooled,hypothesis,a0_zero_not_evaluable
opportunity,caltech,validation,measured_pilot,n_active_x_elapsed,1|60-119,pre_existing_cross,987,5.0,0.005066,1058,0,0.0,0.0,,,bucket<pooled,hypothesis,a0_zero_not_evaluable
opportunity,caltech,validation,measured_pilot,n_active_x_elapsed,1|120-239,pre_existing_cross,1442,3.0,0.00208,1502,0,0.0,0.0,,,bucket<pooled,hypothesis,a0_zero_not_evaluable
opportunity,caltech,validation,measured_pilot,n_active_x_elapsed,1|240+,pre_existing_cross,4584,35.0,0.007635,4586,0,0.0,0.0,,,bucket<pooled,hypothesis,a0_zero_not_evaluable
opportunity,caltech,validation,measured_pilot,n_active_x_elapsed,2-3|<30,pre_existing_cross,588,13.0,0.022109,547,105,0.191956,0.010089,0.776119,0.550107,bucket<pooled,hypothesis,
opportunity,caltech,validation,measured_pilot,n_active_x_elapsed,2-3|30-59,pre_existing_cross,608,7.0,0.011513,552,109,0.197464,0.014722,0.799263,0.561694,bucket<pooled,hypothesis,
opportunity,caltech,validation,measured_pilot,n_active_x_elapsed,2-3|60-119,pre_existing_cross,1035,19.0,0.018357,971,203,0.209063,0.021724,0.7881,0.522965,bucket<pooled,hypothesis,
opportunity,caltech,validation,measured_pilot,n_active_x_elapsed,2-3|120-239,pre_existing_cross,1235,11.0,0.008907,1216,312,0.256579,0.040922,0.737595,0.500421,bucket<pooled,hypothesis,
opportunity,caltech,validation,measured_pilot,n_active_x_elapsed,2-3|240+,pre_existing_cross,2992,52.0,0.01738,2865,847,0.295637,0.043634,0.703846,0.320629,bucket>pooled,hypothesis,
opportunity,caltech,validation,measured_pilot,n_active_x_elapsed,4-7|<30,pre_existing_cross,484,29.0,0.059917,421,193,0.458432,0.029316,0.530414,0.189781,bucket>pooled,hypothesis,
opportunity,caltech,validation,measured_pilot,n_active_x_elapsed,4-7|30-59,pre_existing_cross,316,25.0,0.079114,377,182,0.482759,0.035094,0.510753,0.123656,bucket>pooled,hypothesis,
opportunity,caltech,validation,measured_pilot,n_active_x_elapsed,4-7|60-119,pre_existing_cross,292,9.0,0.030822,311,131,0.421222,0.034959,0.578778,0.263666,bucket>pooled,hypothesis,
opportunity,caltech,validation,measured_pilot,n_active_x_elapsed,4-7|120-239,pre_existing_cross,1103,23.0,0.020852,1238,787,0.635703,0.065856,0.364297,0.049273,bucket>pooled,hypothesis,
opportunity,caltech,validation,measured_pilot,n_active_x_elapsed,4-7|240+,pre_existing_cross,1696,38.0,0.022406,1483,834,0.562374,0.05231,0.437626,0.060013,bucket>pooled,hypothesis,
opportunity,caltech,validation,measured_pilot,n_active_x_elapsed,8-15|<30,pre_existing_cross,317,38.0,0.119874,168,109,0.64881,0.034093,0.35119,0.029762,bucket>pooled,hypothesis,
opportunity,caltech,validation,measured_pilot,n_active_x_elapsed,8-15|30-59,pre_existing_cross,662,55.0,0.083082,642,424,0.660436,0.039389,0.338534,0.00624,bucket>pooled,hypothesis,
opportunity,caltech,validation,measured_pilot,n_active_x_elapsed,8-15|60-119,pre_existing_cross,1109,64.0,0.05771,1133,872,0.769638,0.048297,0.230362,0.001765,bucket>pooled,hypothesis,
opportunity,caltech,validation,measured_pilot,n_active_x_elapsed,8-15|120-239,pre_existing_cross,1462,51.0,0.034884,1240,945,0.762097,0.055328,0.237903,0.0,bucket>pooled,hypothesis,
opportunity,caltech,validation,measured_pilot,n_active_x_elapsed,8-15|240+,pre_existing_cross,296,6.0,0.02027,214,163,0.761682,0.057034,0.238318,0.046729,bucket>pooled,hypothesis,
opportunity,caltech,validation,measured_pilot,n_active_x_elapsed,16+|<30,pre_existing_cross,17,4.0,0.235294,2,2,1.0,0.07077,0.0,0.0,bucket>pooled,insufficient,
opportunity,caltech,validation,measured_pilot,n_active_x_elapsed,16+|30-59,pre_existing_cross,172,21.0,0.122093,83,68,0.819277,0.04418,0.180723,0.0,bucket>pooled,hypothesis,
opportunity,caltech,validation,measured_pilot,n_active_x_elapsed,16+|60-119,pre_existing_cross,326,24.0,0.07362,237,209,0.881857,0.050157,0.118143,0.0,bucket>pooled,hypothesis,
opportunity,caltech,validation,measured_pilot,n_active_x_elapsed,16+|120-239,pre_existing_cross,112,6.0,0.053571,78,60,0.769231,0.033352,0.230769,0.0,bucket>pooled,hypothesis,
opportunity,caltech,validation,measured_pilot,n_active_x_elapsed,16+|240+,pre_existing_cross,2,0.0,0.0,2,2,1.0,0.024036,0.0,0.0,bucket>pooled,insufficient,
opportunity,caltech,test,measured_pilot,n_active,1,pre_existing,2559,6.0,0.002345,2359,0,0.0,0.0,,,bucket<pooled,hypothesis,a0_zero_not_evaluable
opportunity,caltech,test,measured_pilot,n_active,2-3,pre_existing,344,5.0,0.014535,274,63,0.229927,0.036752,0.770073,0.631387,bucket>pooled,hypothesis,
opportunity,caltech,test,measured_pilot,elapsed,<30,pre_existing,493,1.0,0.002028,408,4,0.009804,0.0,0.882353,0.705882,bucket<pooled,hypothesis,
opportunity,caltech,test,measured_pilot,elapsed,30-59,pre_existing,468,3.0,0.00641,462,19,0.041126,0.0,0.759494,0.670886,bucket>pooled,hypothesis,
opportunity,caltech,test,measured_pilot,elapsed,60-119,pre_existing,804,6.0,0.007463,787,22,0.027954,0.0,0.765957,0.542553,bucket>pooled,hypothesis,
opportunity,caltech,test,measured_pilot,elapsed,120-239,pre_existing,1339,1.0,0.000747,1305,7,0.005364,0.0,0.867925,0.773585,bucket<pooled,hypothesis,
opportunity,caltech,test,measured_pilot,elapsed,240+,pre_existing,1984,0.0,0.0,1958,11,0.005618,0.0,0.214286,0.285714,bucket<pooled,hypothesis,
opportunity,caltech,test,measured_pilot,recent_actual_q90,Q1,train_quartile_ecdf,1798,0.0,0.0,1753,0,0.0,0.0,,,bucket<pooled,hypothesis,a0_zero_not_evaluable
opportunity,caltech,test,measured_pilot,recent_actual_q90,Q2,train_quartile_ecdf,882,0.0,0.0,879,13,0.01479,0.0,0.675,0.525,bucket>pooled,hypothesis,
opportunity,caltech,test,measured_pilot,recent_actual_q90,Q3,train_quartile_ecdf,2315,11.0,0.004752,2288,50,0.021853,0.0,0.786325,0.649573,bucket>pooled,hypothesis,
evidence,caltech,test,measured_pilot,recent_var,Q1,train_quartile_ecdf,1412,0.0,0.0,1369,0,0.0,0.0,,,bucket<pooled,hypothesis,a0_zero_not_evaluable
evidence,caltech,test,measured_pilot,recent_var,Q2,train_quartile_ecdf,346,0.0,0.0,345,0,0.0,0.0,,,bucket<pooled,hypothesis,a0_zero_not_evaluable
evidence,caltech,test,measured_pilot,recent_var,Q3,train_quartile_ecdf,1405,6.0,0.00427,1388,16,0.011527,0.0,0.863248,0.794872,bucket>pooled,hypothesis,
evidence,caltech,test,measured_pilot,recent_var,Q4,train_quartile_ecdf,1832,5.0,0.002729,1818,47,0.025853,0.0,0.700637,0.509554,bucket>pooled,hypothesis,
evidence,caltech,test,measured_pilot,lagged_pilot_actual_ratio,Q1,train_quartile_ecdf,2393,10.0,0.004179,2351,34,0.014462,0.0,0.841121,0.728972,bucket>pooled,diagnostic,
evidence,caltech,test,measured_pilot,lagged_pilot_actual_ratio,Q2,train_quartile_ecdf,2130,1.0,0.000469,2094,29,0.013849,0.0,0.516667,0.283333,bucket<pooled,diagnostic,
evidence,caltech,test,measured_pilot,lagged_pilot_actual_ratio,Q3,train_quartile_ecdf,476,0.0,0.0,475,0,0.0,0.0,,,bucket<pooled,diagnostic,a0_zero_not_evaluable
opportunity,caltech,test,measured_pilot,n_active_x_elapsed,1|<30,pre_existing_cross,427,1.0,0.002342,365,0,0.0,0.0,,,bucket<pooled,hypothesis,a0_zero_not_evaluable
opportunity,caltech,test,measured_pilot,n_active_x_elapsed,1|30-59,pre_existing_cross,320,1.0,0.003125,315,0,0.0,0.0,,,bucket<pooled,hypothesis,a0_zero_not_evaluable
opportunity,caltech,test,measured_pilot,n_active_x_elapsed,1|60-119,pre_existing_cross,547,3.0,0.005484,514,0,0.0,0.0,,,bucket<pooled,hypothesis,a0_zero_not_evaluable
opportunity,caltech,test,measured_pilot,n_active_x_elapsed,1|120-239,pre_existing_cross,687,1.0,0.001456,669,0,0.0,0.0,,,bucket<pooled,hypothesis,a0_zero_not_evaluable
opportunity,caltech,test,measured_pilot,n_active_x_elapsed,1|240+,pre_existing_cross,515,0.0,0.0,496,0,0.0,0.0,,,bucket<pooled,hypothesis,a0_zero_not_evaluable
opportunity,caltech,test,measured_pilot,n_active_x_elapsed,2-3|<30,pre_existing_cross,63,0.0,0.0,34,4,0.117647,0.0,0.882353,0.705882,bucket>pooled,hypothesis,
opportunity,caltech,test,measured_pilot,n_active_x_elapsed,2-3|30-59,pre_existing_cross,95,2.0,0.021053,79,19,0.240506,0.016082,0.759494,0.670886,bucket>pooled,hypothesis,
opportunity,caltech,test,measured_pilot,n_active_x_elapsed,2-3|60-119,pre_existing_cross,104,3.0,0.028846,94,22,0.234043,0.031434,0.765957,0.542553,bucket>pooled,hypothesis,
opportunity,caltech,test,measured_pilot,n_active_x_elapsed,2-3|120-239,pre_existing_cross,65,0.0,0.0,53,7,0.132075,0.009399,0.867925,0.773585,bucket>pooled,hypothesis,
opportunity,caltech,test,measured_pilot,n_active_x_elapsed,2-3|240+,pre_existing_cross,16,0.0,0.0,14,11,0.785714,0.140579,0.214286,0.285714,bucket>pooled,hypothesis,
opportunity,jpl,train,current_only,n_active,1,pre_existing,11108,,,10825,0,0.0,0.0,,,bucket<pooled,hypothesis,a0_unavailable_current_only;metric_not_applicable
opportunity,jpl,train,current_only,n_active,2-3,pre_existing,6098,,,5936,1118,0.188342,0.025765,,,bucket<pooled,hypothesis,a0_unavailable_current_only;metric_not_applicable
opportunity,jpl,train,current_only,n_active,4-7,pre_existing,5437,,,5832,2453,0.42061,0.038969,,,bucket<pooled,hypothesis,a0_unavailable_current_only;metric_not_applicable
opportunity,jpl,train,current_only,n_active,8-15,pre_existing,9843,,,9736,6852,0.70378,0.048719,,,bucket>pooled,hypothesis,a0_unavailable_current_only;metric_not_applicable
opportunity,jpl,train,current_only,n_active,16+,pre_existing,14500,,,13522,11773,0.870655,0.040463,,,bucket>pooled,hypothesis,a0_unavailable_current_only;metric_not_applicable
opportunity,jpl,train,current_only,elapsed,<30,pre_existing,4884,,,4542,1510,0.332453,0.028665,,,bucket<pooled,hypothesis,a0_unavailable_current_only;metric_not_applicable
opportunity,jpl,train,current_only,elapsed,30-59,pre_existing,4189,,,4175,2050,0.491018,0.036375,,,bucket>pooled,hypothesis,a0_unavailable_current_only;metric_not_applicable
opportunity,jpl,train,current_only,elapsed,60-119,pre_existing,6274,,,6254,2333,0.373041,0.025337,,,bucket<pooled,hypothesis,a0_unavailable_current_only;metric_not_applicable
opportunity,jpl,train,current_only,elapsed,120-239,pre_existing,13905,,,13890,5384,0.387617,0.034722,,,bucket<pooled,hypothesis,a0_unavailable_current_only;metric_not_applicable
opportunity,jpl,train,current_only,elapsed,240+,pre_existing,27545,,,27525,10918,0.396658,0.041929,,,bucket>pooled,hypothesis,a0_unavailable_current_only;metric_not_applicable
opportunity,jpl,train,current_only,recent_actual_q90,Q1,train_quartile_ecdf,20176,,,20176,7060,0.349921,0.041268,,,bucket<pooled,hypothesis,a0_unavailable_current_only;metric_not_applicable
opportunity,jpl,train,current_only,recent_actual_q90,Q2,train_quartile_ecdf,8040,,,8040,3236,0.402488,0.037548,,,bucket>pooled,hypothesis,a0_unavailable_current_only;metric_not_applicable
opportunity,jpl,train,current_only,recent_actual_q90,Q3,train_quartile_ecdf,14106,,,14106,7590,0.538069,0.035544,,,bucket>pooled,hypothesis,a0_unavailable_current_only;metric_not_applicable
opportunity,jpl,train,current_only,recent_actual_q90,Q4,train_quartile_ecdf,14107,,,14107,4310,0.305522,0.035875,,,bucket<pooled,hypothesis,a0_unavailable_current_only;metric_not_applicable
evidence,jpl,train,current_only,recent_var,Q1,train_quartile_ecdf,14108,,,14108,4361,0.309115,0.037668,,,NA,diagnostic,a0_unavailable_current_only;metric_not_applicable
evidence,jpl,train,current_only,recent_var,Q2,train_quartile_ecdf,14107,,,14107,4947,0.350677,0.038256,,,NA,diagnostic,a0_unavailable_current_only;metric_not_applicable
evidence,jpl,train,current_only,recent_var,Q3,train_quartile_ecdf,14107,,,14107,7742,0.548806,0.035287,,,NA,diagnostic,a0_unavailable_current_only;metric_not_applicable
evidence,jpl,train,current_only,recent_var,Q4,train_quartile_ecdf,14107,,,14107,5146,0.364783,0.035843,,,NA,diagnostic,a0_unavailable_current_only;metric_not_applicable
evidence,jpl,train,current_only,lagged_pilot_actual_ratio,NA,train_quartile_ecdf,0,,,0,0,,,,,NA,insufficient,a0_unavailable_current_only;metric_not_applicable;no_pilot_in_current_only_domain
opportunity,jpl,train,current_only,n_active_x_elapsed,1|<30,pre_existing_cross,1431,,,1447,0,0.0,0.0,,,bucket<pooled,hypothesis,a0_unavailable_current_only;metric_not_applicable
opportunity,jpl,train,current_only,n_active_x_elapsed,1|30-59,pre_existing_cross,1000,,,1048,0,0.0,0.0,,,bucket<pooled,hypothesis,a0_unavailable_current_only;metric_not_applicable
opportunity,jpl,train,current_only,n_active_x_elapsed,1|60-119,pre_existing_cross,2018,,,2037,0,0.0,0.0,,,bucket<pooled,hypothesis,a0_unavailable_current_only;metric_not_applicable
opportunity,jpl,train,current_only,n_active_x_elapsed,1|120-239,pre_existing_cross,3330,,,3273,0,0.0,0.0,,,bucket<pooled,hypothesis,a0_unavailable_current_only;metric_not_applicable
opportunity,jpl,train,current_only,n_active_x_elapsed,1|240+,pre_existing_cross,3053,,,2990,0,0.0,0.0,,,bucket<pooled,hypothesis,a0_unavailable_current_only;metric_not_applicable
opportunity,jpl,train,current_only,n_active_x_elapsed,2-3|<30,pre_existing_cross,712,,,691,61,0.088278,0.0,,,bucket<pooled,hypothesis,a0_unavailable_current_only;metric_not_applicable
opportunity,jpl,train,current_only,n_active_x_elapsed,2-3|30-59,pre_existing_cross,464,,,432,39,0.090278,0.0,,,bucket<pooled,hypothesis,a0_unavailable_current_only;metric_not_applicable
opportunity,jpl,train,current_only,n_active_x_elapsed,2-3|60-119,pre_existing_cross,1036,,,959,135,0.140772,0.009111,,,bucket<pooled,hypothesis,a0_unavailable_current_only;metric_not_applicable
opportunity,jpl,train,current_only,n_active_x_elapsed,2-3|120-239,pre_existing_cross,1903,,,1847,351,0.190038,0.02741,,,bucket<pooled,hypothesis,a0_unavailable_current_only;metric_not_applicable
opportunity,jpl,train,current_only,n_active_x_elapsed,2-3|240+,pre_existing_cross,1937,,,1998,531,0.265766,0.04686,,,bucket<pooled,hypothesis,a0_unavailable_current_only;metric_not_applicable
opportunity,jpl,train,current_only,n_active_x_elapsed,4-7|<30,pre_existing_cross,775,,,769,253,0.328999,0.020559,,,bucket<pooled,hypothesis,a0_unavailable_current_only;metric_not_applicable
opportunity,jpl,train,current_only,n_active_x_elapsed,4-7|30-59,pre_existing_cross,187,,,195,61,0.312821,0.017798,,,bucket<pooled,hypothesis,a0_unavailable_current_only;metric_not_applicable
opportunity,jpl,train,current_only,n_active_x_elapsed,4-7|60-119,pre_existing_cross,211,,,195,65,0.333333,0.025254,,,bucket<pooled,hypothesis,a0_unavailable_current_only;metric_not_applicable
opportunity,jpl,train,current_only,n_active_x_elapsed,4-7|120-239,pre_existing_cross,880,,,876,350,0.399543,0.032581,,,bucket<pooled,hypothesis,a0_unavailable_current_only;metric_not_applicable
opportunity,jpl,train,current_only,n_active_x_elapsed,4-7|240+,pre_existing_cross,3374,,,3797,1724,0.454043,0.042787,,,bucket<pooled,hypothesis,a0_unavailable_current_only;metric_not_applicable
opportunity,jpl,train,current_only,n_active_x_elapsed,8-15|<30,pre_existing_cross,959,,,883,662,0.749717,0.055517,,,bucket>pooled,hypothesis,a0_unavailable_current_only;metric_not_applicable
opportunity,jpl,train,current_only,n_active_x_elapsed,8-15|30-59,pre_existing_cross,282,,,312,213,0.682692,0.042951,,,bucket>pooled,hypothesis,a0_unavailable_current_only;metric_not_applicable
opportunity,jpl,train,current_only,n_active_x_elapsed,8-15|60-119,pre_existing_cross,319,,,332,225,0.677711,0.044822,,,bucket>pooled,hypothesis,a0_unavailable_current_only;metric_not_applicable
opportunity,jpl,train,current_only,n_active_x_elapsed,8-15|120-239,pre_existing_cross,903,,,916,609,0.664847,0.042997,,,bucket>pooled,hypothesis,a0_unavailable_current_only;metric_not_applicable
opportunity,jpl,train,current_only,n_active_x_elapsed,8-15|240+,pre_existing_cross,7379,,,7293,5143,0.705197,0.047581,,,bucket>pooled,hypothesis,a0_unavailable_current_only;metric_not_applicable
opportunity,jpl,train,current_only,n_active_x_elapsed,16+|<30,pre_existing_cross,989,,,708,534,0.754237,0.033716,,,bucket>pooled,hypothesis,a0_unavailable_current_only;metric_not_applicable
opportunity,jpl,train,current_only,n_active_x_elapsed,16+|30-59,pre_existing_cross,2158,,,2072,1737,0.83832,0.046212,,,bucket>pooled,hypothesis,a0_unavailable_current_only;metric_not_applicable
opportunity,jpl,train,current_only,n_active_x_elapsed,16+|60-119,pre_existing_cross,2344,,,2307,1908,0.827048,0.028722,,,bucket>pooled,hypothesis,a0_unavailable_current_only;metric_not_applicable
opportunity,jpl,train,current_only,n_active_x_elapsed,16+|120-239,pre_existing_cross,4494,,,4435,4074,0.918602,0.04186,,,bucket>pooled,hypothesis,a0_unavailable_current_only;metric_not_applicable
opportunity,jpl,train,current_only,n_active_x_elapsed,16+|240+,pre_existing_cross,4514,,,4000,3520,0.88,0.047843,,,bucket>pooled,hypothesis,a0_unavailable_current_only;metric_not_applicable
opportunity,jpl,validation,current_only,n_active,1,pre_existing,4570,,,4511,0,0.0,0.0,,,bucket<pooled,hypothesis,a0_unavailable_current_only;metric_not_applicable
opportunity,jpl,validation,current_only,n_active,2-3,pre_existing,3016,,,2946,387,0.131365,0.017316,,,bucket<pooled,hypothesis,a0_unavailable_current_only;metric_not_applicable
opportunity,jpl,validation,current_only,n_active,4-7,pre_existing,1964,,,2048,721,0.352051,0.026909,,,bucket<pooled,hypothesis,a0_unavailable_current_only;metric_not_applicable
opportunity,jpl,validation,current_only,n_active,8-15,pre_existing,3681,,,3722,2578,0.692638,0.043368,,,bucket>pooled,hypothesis,a0_unavailable_current_only;metric_not_applicable
opportunity,jpl,validation,current_only,n_active,16+,pre_existing,5048,,,4665,4012,0.860021,0.042061,,,bucket>pooled,hypothesis,a0_unavailable_current_only;metric_not_applicable
opportunity,jpl,validation,current_only,elapsed,<30,pre_existing,1990,,,1851,448,0.242031,0.022943,,,bucket<pooled,hypothesis,a0_unavailable_current_only;metric_not_applicable
opportunity,jpl,validation,current_only,elapsed,30-59,pre_existing,1955,,,1954,745,0.381269,0.038768,,,bucket>pooled,hypothesis,a0_unavailable_current_only;metric_not_applicable
opportunity,jpl,validation,current_only,elapsed,60-119,pre_existing,2722,,,2714,827,0.304716,0.025538,,,bucket<pooled,hypothesis,a0_unavailable_current_only;metric_not_applicable
opportunity,jpl,validation,current_only,elapsed,120-239,pre_existing,5839,,,5815,2009,0.345486,0.033393,,,bucket<pooled,hypothesis,a0_unavailable_current_only;metric_not_applicable
opportunity,jpl,validation,current_only,elapsed,240+,pre_existing,9026,,,8996,3669,0.407848,0.040089,,,bucket>pooled,hypothesis,a0_unavailable_current_only;metric_not_applicable
opportunity,jpl,validation,current_only,recent_actual_q90,Q1,train_quartile_ecdf,5703,,,5703,2055,0.360337,0.037589,,,bucket<pooled,hypothesis,a0_unavailable_current_only;metric_not_applicable
opportunity,jpl,validation,current_only,recent_actual_q90,Q2,train_quartile_ecdf,2863,,,2863,1197,0.418093,0.040378,,,bucket>pooled,hypothesis,a0_unavailable_current_only;metric_not_applicable
opportunity,jpl,validation,current_only,recent_actual_q90,Q3,train_quartile_ecdf,5274,,,5274,2615,0.495829,0.035897,,,bucket>pooled,hypothesis,a0_unavailable_current_only;metric_not_applicable
opportunity,jpl,validation,current_only,recent_actual_q90,Q4,train_quartile_ecdf,7500,,,7500,1831,0.244133,0.033662,,,bucket<pooled,hypothesis,a0_unavailable_current_only;metric_not_applicable
evidence,jpl,validation,current_only,recent_var,Q1,train_quartile_ecdf,3540,,,3540,1097,0.309887,0.031128,,,NA,diagnostic,a0_unavailable_current_only;metric_not_applicable
evidence,jpl,validation,current_only,recent_var,Q2,train_quartile_ecdf,5043,,,5043,1712,0.33948,0.035688,,,NA,diagnostic,a0_unavailable_current_only;metric_not_applicable
evidence,jpl,validation,current_only,recent_var,Q3,train_quartile_ecdf,5697,,,5697,2879,0.505354,0.035941,,,NA,diagnostic,a0_unavailable_current_only;metric_not_applicable
evidence,jpl,validation,current_only,recent_var,Q4,train_quartile_ecdf,7060,,,7060,2010,0.284703,0.035233,,,NA,diagnostic,a0_unavailable_current_only;metric_not_applicable
evidence,jpl,validation,current_only,lagged_pilot_actual_ratio,NA,train_quartile_ecdf,0,,,0,0,,,,,NA,insufficient,a0_unavailable_current_only;metric_not_applicable;no_pilot_in_current_only_domain
opportunity,jpl,validation,current_only,n_active_x_elapsed,1|<30,pre_existing_cross,724,,,665,0,0.0,0.0,,,bucket<pooled,hypothesis,a0_unavailable_current_only;metric_not_applicable
opportunity,jpl,validation,current_only,n_active_x_elapsed,1|30-59,pre_existing_cross,578,,,643,0,0.0,0.0,,,bucket<pooled,hypothesis,a0_unavailable_current_only;metric_not_applicable
opportunity,jpl,validation,current_only,n_active_x_elapsed,1|60-119,pre_existing_cross,943,,,960,0,0.0,0.0,,,bucket<pooled,hypothesis,a0_unavailable_current_only;metric_not_applicable
opportunity,jpl,validation,current_only,n_active_x_elapsed,1|120-239,pre_existing_cross,1146,,,1142,0,0.0,0.0,,,bucket<pooled,hypothesis,a0_unavailable_current_only;metric_not_applicable
opportunity,jpl,validation,current_only,n_active_x_elapsed,1|240+,pre_existing_cross,1123,,,1093,0,0.0,0.0,,,bucket<pooled,hypothesis,a0_unavailable_current_only;metric_not_applicable
opportunity,jpl,validation,current_only,n_active_x_elapsed,2-3|<30,pre_existing_cross,324,,,325,5,0.015385,0.0,,,bucket<pooled,hypothesis,a0_unavailable_current_only;metric_not_applicable
opportunity,jpl,validation,current_only,n_active_x_elapsed,2-3|30-59,pre_existing_cross,406,,,358,25,0.069832,0.0,,,bucket<pooled,hypothesis,a0_unavailable_current_only;metric_not_applicable
opportunity,jpl,validation,current_only,n_active_x_elapsed,2-3|60-119,pre_existing_cross,620,,,589,86,0.14601,0.013573,,,bucket<pooled,hypothesis,a0_unavailable_current_only;metric_not_applicable
opportunity,jpl,validation,current_only,n_active_x_elapsed,2-3|120-239,pre_existing_cross,1080,,,1090,163,0.149541,0.018241,,,bucket<pooled,hypothesis,a0_unavailable_current_only;metric_not_applicable
opportunity,jpl,validation,current_only,n_active_x_elapsed,2-3|240+,pre_existing_cross,580,,,583,108,0.185249,0.015125,,,bucket<pooled,hypothesis,a0_unavailable_current_only;metric_not_applicable
opportunity,jpl,validation,current_only,n_active_x_elapsed,4-7|<30,pre_existing_cross,295,,,297,49,0.164983,0.006029,,,bucket<pooled,hypothesis,a0_unavailable_current_only;metric_not_applicable
opportunity,jpl,validation,current_only,n_active_x_elapsed,4-7|30-59,pre_existing_cross,100,,,85,16,0.188235,0.0,,,bucket<pooled,hypothesis,a0_unavailable_current_only;metric_not_applicable
opportunity,jpl,validation,current_only,n_active_x_elapsed,4-7|60-119,pre_existing_cross,95,,,93,36,0.387097,0.034478,,,bucket<pooled,hypothesis,a0_unavailable_current_only;metric_not_applicable
opportunity,jpl,validation,current_only,n_active_x_elapsed,4-7|120-239,pre_existing_cross,709,,,701,249,0.355207,0.030371,,,bucket<pooled,hypothesis,a0_unavailable_current_only;metric_not_applicable
opportunity,jpl,validation,current_only,n_active_x_elapsed,4-7|240+,pre_existing_cross,763,,,872,371,0.425459,0.034157,,,bucket<pooled,hypothesis,a0_unavailable_current_only;metric_not_applicable
opportunity,jpl,validation,current_only,n_active_x_elapsed,8-15|<30,pre_existing_cross,318,,,309,226,0.731392,0.051073,,,bucket>pooled,hypothesis,a0_unavailable_current_only;metric_not_applicable
opportunity,jpl,validation,current_only,n_active_x_elapsed,8-15|30-59,pre_existing_cross,84,,,97,71,0.731959,0.046918,,,bucket>pooled,hypothesis,a0_unavailable_current_only;metric_not_applicable
opportunity,jpl,validation,current_only,n_active_x_elapsed,8-15|60-119,pre_existing_cross,131,,,119,79,0.663866,0.045242,,,bucket>pooled,hypothesis,a0_unavailable_current_only;metric_not_applicable
opportunity,jpl,validation,current_only,n_active_x_elapsed,8-15|120-239,pre_existing_cross,496,,,472,290,0.614407,0.035158,,,bucket>pooled,hypothesis,a0_unavailable_current_only;metric_not_applicable
opportunity,jpl,validation,current_only,n_active_x_elapsed,8-15|240+,pre_existing_cross,2652,,,2725,1912,0.701651,0.04426,,,bucket>pooled,hypothesis,a0_unavailable_current_only;metric_not_applicable
opportunity,jpl,validation,current_only,n_active_x_elapsed,16+|<30,pre_existing_cross,316,,,235,168,0.714894,0.028319,,,bucket>pooled,hypothesis,a0_unavailable_current_only;metric_not_applicable
opportunity,jpl,validation,current_only,n_active_x_elapsed,16+|30-59,pre_existing_cross,762,,,742,633,0.8531,0.051459,,,bucket>pooled,hypothesis,a0_unavailable_current_only;metric_not_applicable
opportunity,jpl,validation,current_only,n_active_x_elapsed,16+|60-119,pre_existing_cross,758,,,746,626,0.839142,0.031323,,,bucket>pooled,hypothesis,a0_unavailable_current_only;metric_not_applicable
opportunity,jpl,validation,current_only,n_active_x_elapsed,16+|120-239,pre_existing_cross,1507,,,1474,1307,0.886703,0.043653,,,bucket>pooled,hypothesis,a0_unavailable_current_only;metric_not_applicable
opportunity,jpl,validation,current_only,n_active_x_elapsed,16+|240+,pre_existing_cross,1705,,,1468,1278,0.870572,0.048309,,,bucket>pooled,hypothesis,a0_unavailable_current_only;metric_not_applicable
opportunity,jpl,test,current_only,n_active,1,pre_existing,2587,,,2569,0,0.0,0.0,,,bucket<pooled,hypothesis,a0_unavailable_current_only;metric_not_applicable
opportunity,jpl,test,current_only,n_active,2-3,pre_existing,2188,,,2166,370,0.170822,0.025536,,,bucket<pooled,hypothesis,a0_unavailable_current_only;metric_not_applicable
opportunity,jpl,test,current_only,n_active,4-7,pre_existing,1910,,,1927,662,0.343539,0.028448,,,bucket<pooled,hypothesis,a0_unavailable_current_only;metric_not_applicable
opportunity,jpl,test,current_only,n_active,8-15,pre_existing,1822,,,1732,1122,0.647806,0.042345,,,bucket>pooled,hypothesis,a0_unavailable_current_only;metric_not_applicable
opportunity,jpl,test,current_only,n_active,16+,pre_existing,1681,,,1591,1378,0.866122,0.041859,,,bucket>pooled,hypothesis,a0_unavailable_current_only;metric_not_applicable
opportunity,jpl,test,current_only,elapsed,<30,pre_existing,997,,,919,130,0.141458,0.0,,,bucket<pooled,hypothesis,a0_unavailable_current_only;metric_not_applicable
opportunity,jpl,test,current_only,elapsed,30-59,pre_existing,980,,,980,298,0.304082,0.013152,,,bucket>pooled,hypothesis,a0_unavailable_current_only;metric_not_applicable
opportunity,jpl,test,current_only,elapsed,60-119,pre_existing,1434,,,1434,476,0.331939,0.024074,,,bucket>pooled,hypothesis,a0_unavailable_current_only;metric_not_applicable
opportunity,jpl,test,current_only,elapsed,120-239,pre_existing,2986,,,2986,1039,0.347957,0.034276,,,bucket>pooled,hypothesis,a0_unavailable_current_only;metric_not_applicable
opportunity,jpl,test,current_only,elapsed,240+,pre_existing,6405,,,6399,1589,0.24832,0.029678,,,bucket<pooled,hypothesis,a0_unavailable_current_only;metric_not_applicable
opportunity,jpl,test,current_only,recent_actual_q90,Q1,train_quartile_ecdf,4112,,,4112,713,0.173395,0.02334,,,bucket<pooled,hypothesis,a0_unavailable_current_only;metric_not_applicable
opportunity,jpl,test,current_only,recent_actual_q90,Q2,train_quartile_ecdf,1728,,,1728,651,0.376736,0.033354,,,bucket>pooled,hypothesis,a0_unavailable_current_only;metric_not_applicable
opportunity,jpl,test,current_only,recent_actual_q90,Q3,train_quartile_ecdf,1982,,,1982,923,0.465691,0.035544,,,bucket>pooled,hypothesis,a0_unavailable_current_only;metric_not_applicable
opportunity,jpl,test,current_only,recent_actual_q90,Q4,train_quartile_ecdf,4900,,,4900,1245,0.254082,0.027436,,,bucket<pooled,hypothesis,a0_unavailable_current_only;metric_not_applicable
evidence,jpl,test,current_only,recent_var,Q1,train_quartile_ecdf,2558,,,2558,230,0.089914,0.0,,,NA,diagnostic,a0_unavailable_current_only;metric_not_applicable
evidence,jpl,test,current_only,recent_var,Q2,train_quartile_ecdf,3437,,,3437,935,0.27204,0.026083,,,NA,diagnostic,a0_unavailable_current_only;metric_not_applicable
evidence,jpl,test,current_only,recent_var,Q3,train_quartile_ecdf,3386,,,3386,1459,0.430892,0.032724,,,NA,diagnostic,a0_unavailable_current_only;metric_not_applicable
evidence,jpl,test,current_only,recent_var,Q4,train_quartile_ecdf,3341,,,3341,908,0.271775,0.027361,,,NA,diagnostic,a0_unavailable_current_only;metric_not_applicable
evidence,jpl,test,current_only,lagged_pilot_actual_ratio,NA,train_quartile_ecdf,0,,,0,0,,,,,NA,insufficient,a0_unavailable_current_only;metric_not_applicable;no_pilot_in_current_only_domain
opportunity,jpl,test,current_only,n_active_x_elapsed,1|<30,pre_existing_cross,339,,,351,0,0.0,0.0,,,bucket<pooled,hypothesis,a0_unavailable_current_only;metric_not_applicable
opportunity,jpl,test,current_only,n_active_x_elapsed,1|30-59,pre_existing_cross,183,,,192,0,0.0,0.0,,,bucket<pooled,hypothesis,a0_unavailable_current_only;metric_not_applicable
opportunity,jpl,test,current_only,n_active_x_elapsed,1|60-119,pre_existing_cross,316,,,321,0,0.0,0.0,,,bucket<pooled,hypothesis,a0_unavailable_current_only;metric_not_applicable
opportunity,jpl,test,current_only,n_active_x_elapsed,1|120-239,pre_existing_cross,539,,,550,0,0.0,0.0,,,bucket<pooled,hypothesis,a0_unavailable_current_only;metric_not_applicable
opportunity,jpl,test,current_only,n_active_x_elapsed,1|240+,pre_existing_cross,1165,,,1152,0,0.0,0.0,,,bucket<pooled,hypothesis,a0_unavailable_current_only;metric_not_applicable
opportunity,jpl,test,current_only,n_active_x_elapsed,2-3|<30,pre_existing_cross,281,,,254,8,0.031496,0.0,,,bucket<pooled,hypothesis,a0_unavailable_current_only;metric_not_applicable
opportunity,jpl,test,current_only,n_active_x_elapsed,2-3|30-59,pre_existing_cross,172,,,186,8,0.043011,0.0,,,bucket<pooled,hypothesis,a0_unavailable_current_only;metric_not_applicable
opportunity,jpl,test,current_only,n_active_x_elapsed,2-3|60-119,pre_existing_cross,267,,,268,27,0.100746,0.0,,,bucket<pooled,hypothesis,a0_unavailable_current_only;metric_not_applicable
opportunity,jpl,test,current_only,n_active_x_elapsed,2-3|120-239,pre_existing_cross,646,,,648,129,0.199074,0.031237,,,bucket<pooled,hypothesis,a0_unavailable_current_only;metric_not_applicable
opportunity,jpl,test,current_only,n_active_x_elapsed,2-3|240+,pre_existing_cross,816,,,810,198,0.244444,0.037485,,,bucket<pooled,hypothesis,a0_unavailable_current_only;metric_not_applicable
opportunity,jpl,test,current_only,n_active_x_elapsed,4-7|<30,pre_existing_cross,191,,,155,22,0.141935,0.0,,,bucket<pooled,hypothesis,a0_unavailable_current_only;metric_not_applicable
opportunity,jpl,test,current_only,n_active_x_elapsed,4-7|30-59,pre_existing_cross,242,,,240,41,0.170833,0.007636,,,bucket<pooled,hypothesis,a0_unavailable_current_only;metric_not_applicable
opportunity,jpl,test,current_only,n_active_x_elapsed,4-7|60-119,pre_existing_cross,290,,,310,100,0.322581,0.022752,,,bucket<pooled,hypothesis,a0_unavailable_current_only;metric_not_applicable
opportunity,jpl,test,current_only,n_active_x_elapsed,4-7|120-239,pre_existing_cross,525,,,527,213,0.404175,0.038576,,,bucket>pooled,hypothesis,a0_unavailable_current_only;metric_not_applicable
opportunity,jpl,test,current_only,n_active_x_elapsed,4-7|240+,pre_existing_cross,662,,,695,286,0.411511,0.032072,,,bucket>pooled,hypothesis,a0_unavailable_current_only;metric_not_applicable
opportunity,jpl,test,current_only,n_active_x_elapsed,8-15|<30,pre_existing_cross,107,,,98,64,0.653061,0.037756,,,bucket>pooled,hypothesis,a0_unavailable_current_only;metric_not_applicable
opportunity,jpl,test,current_only,n_active_x_elapsed,8-15|30-59,pre_existing_cross,99,,,84,51,0.607143,0.034745,,,bucket>pooled,hypothesis,a0_unavailable_current_only;metric_not_applicable
opportunity,jpl,test,current_only,n_active_x_elapsed,8-15|60-119,pre_existing_cross,263,,,231,116,0.502165,0.031744,,,bucket>pooled,hypothesis,a0_unavailable_current_only;metric_not_applicable
opportunity,jpl,test,current_only,n_active_x_elapsed,8-15|120-239,pre_existing_cross,435,,,405,235,0.580247,0.034251,,,bucket>pooled,hypothesis,a0_unavailable_current_only;metric_not_applicable
opportunity,jpl,test,current_only,n_active_x_elapsed,8-15|240+,pre_existing_cross,918,,,914,656,0.717724,0.049835,,,bucket>pooled,hypothesis,a0_unavailable_current_only;metric_not_applicable
opportunity,jpl,test,current_only,n_active_x_elapsed,16+|<30,pre_existing_cross,74,,,53,36,0.679245,0.030749,,,bucket>pooled,hypothesis,a0_unavailable_current_only;metric_not_applicable
opportunity,jpl,test,current_only,n_active_x_elapsed,16+|30-59,pre_existing_cross,269,,,259,198,0.764479,0.04364,,,bucket>pooled,hypothesis,a0_unavailable_current_only;metric_not_applicable
opportunity,jpl,test,current_only,n_active_x_elapsed,16+|60-119,pre_existing_cross,260,,,259,233,0.899614,0.039653,,,bucket>pooled,hypothesis,a0_unavailable_current_only;metric_not_applicable
opportunity,jpl,test,current_only,n_active_x_elapsed,16+|120-239,pre_existing_cross,508,,,505,462,0.914851,0.041451,,,bucket>pooled,hypothesis,a0_unavailable_current_only;metric_not_applicable
opportunity,jpl,test,current_only,n_active_x_elapsed,16+|240+,pre_existing_cross,570,,,515,449,0.871845,0.045665,,,bucket>pooled,hypothesis,a0_unavailable_current_only;metric_not_applicable
