session_id,site,garage,station_id,start_utc,end_utc,duration_min,max_gap_kw,median_gap_kw,p95_gap_kw,gap_energy_kwh,working_power_median_kw,month,phase,event_phase,start_minutes_to_done,minutes_from_disconnect_at_start,fail_type,permutation_survived,charging_minutes,n_events
2_39_79_382_2018-11-09 16:28:55.950386,caltech,California_Garage_01,2-39-79-382,2018-11-09 16:34:00+00:00,2018-11-09 22:56:00+00:00,383.0,2.8031333333333337,0.6050625000000001,0.6793687500000001,4.1851510902249816,1.3155882352941175,2018-11,core_run_segment,core_run_segment,528.0833333333334,528.1666666666666,largest_core_event,True,,
2_39_79_381_2019-04-24 16:49:01.077695,caltech,California_Garage_01,2-39-79-381,2019-04-24 16:55:00+00:00,2019-04-24 21:54:00+00:00,300.0,0.8580666666666668,0.646125,0.6875766666666666,3.1918997613211957,1.2738749999999999,2019-04,core_run_segment,core_run_segment,516.0166666666667,590.7,largest_core_event,True,,
2_39_79_380_2019-07-29 16:09:33.196124,caltech,California_Garage_01,2-39-79-380,2019-07-29 17:29:00+00:00,2019-07-29 22:18:00+00:00,290.0,1.1432,0.6551291666666667,0.69671,3.2264998737550568,1.26503125,2019-07,core_run_segment,core_run_segment,409.26666666666665,409.35,largest_core_event,True,,
2_39_79_383_2018-11-05 16:33:43.710900,caltech,California_Garage_01,2-39-79-383,2018-11-05 16:39:00+00:00,2018-11-05 21:07:00+00:00,269.0,1.491266666666667,0.7375333333333334,0.9759200000000001,3.4024442875917793,1.1833333333333333,2018-11,core_run_segment,core_run_segment,388.65,472.93333333333334,largest_core_event,True,,
2_39_79_376_2018-11-14 19:02:24.346703,caltech,California_Garage_01,2-39-79-376,2018-11-14 19:08:00+00:00,2018-11-14 22:16:00+00:00,189.0,2.0204375000000008,0.6188235294117646,0.6288374999999999,2.067222391135643,1.3015333333333332,2018-11,core_run_segment,core_run_segment,308.6,308.6666666666667,largest_core_event,True,,
2_39_79_377_2019-05-15 17:10:39.016056,caltech,California_Garage_01,2-39-79-377,2019-05-15 17:16:00+00:00,2019-05-15 20:02:00+00:00,167.0,0.7087333333333334,0.6496875,0.6930270833333334,1.8176104784363238,1.2703125,2019-05,core_run_segment,core_run_segment,286.6333333333333,532.35,largest_core_event,True,,
2_39_92_442_2018-11-21 17:34:15.036267,caltech,California_Garage_01,2-39-92-442,2018-11-21 17:40:00+00:00,2018-11-21 20:06:00+00:00,147.0,4.1756875,4.10125,4.14924,9.929779602591035,3.5373124999999996,2018-11,core_run_segment,core_run_segment,266.4166666666667,600.6,largest_core_event,True,,
2_39_139_28_2019-07-25 04:54:24.210389,caltech,California_Garage_01,2-39-139-28,2019-07-25 05:08:00+00:00,2019-07-25 07:33:00+00:00,146.0,1.976,1.2462666666666666,1.2709520833333332,3.0561591258169933,3.553733333333333,2019-07,core_run_segment,core_run_segment,265.3333333333333,491.15,largest_core_event,True,,
2_39_131_30_2019-06-03 15:37:40.938546,caltech,California_Garage_01,2-39-131-30,2019-06-03 15:50:00+00:00,2019-06-03 18:08:00+00:00,139.0,1.3754666666666666,1.3298666666666663,1.362425,3.0770285008169935,3.468625,2019-06,core_run_segment,core_run_segment,258.8,532.6833333333333,largest_core_event,True,,
2_39_139_28_2019-07-13 04:42:22.931752,caltech,California_Garage_01,2-39-139-28,2019-07-13 04:55:00+00:00,2019-07-13 07:12:00+00:00,138.0,1.3058666666666667,1.2692999999999999,1.2941933333333333,2.919725823996265,3.5307,2019-07,core_run_segment,core_run_segment,257.9,604.95,largest_core_event,True,,
2_39_79_381_2018-11-08 16:09:40.895271,caltech,California_Garage_01,2-39-79-381,2018-11-08 18:39:00+00:00,2018-11-08 20:51:00+00:00,133.0,1.8472,0.6271875,1.4178033613445329,1.610528999572051,1.2963125,2018-11,core_run_segment,core_run_segment,252.55,252.73333333333332,largest_core_event,True,,
2_39_131_30_2018-11-22 21:21:11.013002,caltech,California_Garage_01,2-39-131-30,2018-11-22 21:27:00+00:00,2018-11-22 23:38:00+00:00,132.0,4.141705882352941,4.0517666666666665,4.1328575,8.853385558084344,3.563211111111111,2018-11,core_run_segment,core_run_segment,251.16666666666666,650.25,largest_core_event,True,,
2_39_83_386_2018-11-22 18:09:02.573971,caltech,California_Garage_01,2-39-83-386,2018-11-22 18:15:00+00:00,2018-11-22 20:08:00+00:00,114.0,4.386222222222222,4.3058,4.37273,8.12810032290694,3.3707666666666665,2018-11,core_run_segment,core_run_segment,233.81666666666666,318.23333333333335,largest_core_event,True,,
2_39_127_19_2019-05-20 15:32:41.075334,caltech,California_Garage_01,2-39-127-19,2019-05-20 16:05:00+00:00,2019-05-20 17:56:00+00:00,112.0,1.3237333333333332,1.2449,1.31357,2.3358141666666663,3.5551,2019-05,core_run_segment,core_run_segment,238.66666666666666,529.9666666666667,largest_core_event,False,,
2_39_126_560_2018-11-05 17:09:39.766161,caltech,California_Garage_01,2-39-126-560,2018-11-05 19:52:00+00:00,2018-11-05 21:35:00+00:00,104.0,0.9606000000000001,0.9362333333333334,0.95305625,1.5721712876176113,1.9407354166666666,2018-11,core_run_segment,core_run_segment,338.96666666666664,339.25,largest_core_event,True,,
2_39_83_387_2018-11-22 18:30:34.958846,caltech,California_Garage_01,2-39-83-387,2018-11-22 18:36:00+00:00,2018-11-22 20:17:00+00:00,102.0,4.4025,4.326970833333333,4.390971139705883,7.31988711153906,3.3439875,2018-11,core_run_segment,core_run_segment,221.35,311.15,largest_core_event,True,,
2_39_91_441_2019-06-19 17:21:59.209394,caltech,California_Garage_01,2-39-91-441,2019-06-19 17:35:00+00:00,2019-06-19 19:10:00+00:00,96.0,1.9672,1.2751333333333332,1.3367166666666668,2.0590645710784314,3.5220666666666665,2019-06,core_run_segment,core_run_segment,220.0,403.26666666666665,largest_core_event,False,,
2_39_128_18_2019-08-07 02:52:30.645253,caltech,California_Garage_01,2-39-128-18,2019-08-07 03:43:00+00:00,2019-08-07 05:16:00+00:00,94.0,1.933533333333333,1.324166666666667,1.4218633333333335,2.1294774305555553,3.475833333333333,2019-08,core_run_segment,core_run_segment,213.73333333333332,662.45,largest_core_event,False,,
2_39_139_28_2019-08-05 04:55:23.732024,caltech,California_Garage_01,2-39-139-28,2019-08-05 05:13:00+00:00,2019-08-05 06:44:00+00:00,92.0,1.9411999999999998,1.2308270833333332,1.2507433333333333,1.904832679738562,3.5685000000000002,2019-08,core_run_segment,core_run_segment,429.9166666666667,602.7833333333333,largest_core_event,True,,
2_39_123_23_2019-05-22 15:57:55.570274,caltech,California_Garage_01,2-39-123-23,2019-05-22 16:19:00+00:00,2019-05-22 17:44:00+00:00,86.0,1.4172666666666665,1.3008958333333334,1.3844187499999996,1.8692107347105509,3.484095833333333,2019-05,core_run_segment,core_run_segment,277.26666666666665,477.03333333333336,largest_core_event,False,,
2_39_79_381_2019-03-19 05:19:25.541370,,,,,,,,,,,,,,,,,no_event_long_charging,,1231.0,0.0
2_39_79_381_2019-02-03 03:27:04.392204,,,,,,,,,,,,,,,,,no_event_long_charging,,943.0,0.0
2_39_79_382_2018-11-26 15:07:36.636088,,,,,,,,,,,,,,,,,no_event_long_charging,,727.0,0.0
2_39_79_380_2019-05-14 04:00:42.385441,,,,,,,,,,,,,,,,,no_event_long_charging,,669.0,0.0
2_39_78_366_2019-02-19 15:20:08.716514,,,,,,,,,,,,,,,,,no_event_long_charging,,660.0,0.0
2_39_79_381_2018-12-23 11:55:38.467728,,,,,,,,,,,,,,,,,no_event_long_charging,,617.0,0.0
2_39_78_363_2018-11-27 16:44:28.111106,,,,,,,,,,,,,,,,,no_event_long_charging,,615.0,0.0
2_39_79_383_2018-12-18 15:14:48.840966,,,,,,,,,,,,,,,,,no_event_long_charging,,615.0,0.0
2_39_79_383_2019-01-07 16:57:28.977434,,,,,,,,,,,,,,,,,no_event_long_charging,,604.0,0.0
2_39_79_379_2019-01-02 16:18:55.665332,,,,,,,,,,,,,,,,,no_event_long_charging,,600.0,0.0
2_39_79_380_2018-12-11 16:33:26.972533,,,,,,,,,,,,,,,,,no_event_long_charging,,584.0,0.0
2_39_78_365_2018-12-03 15:28:11.963082,,,,,,,,,,,,,,,,,no_event_long_charging,,576.0,0.0
2_39_79_381_2019-03-07 16:53:31.098609,,,,,,,,,,,,,,,,,no_event_long_charging,,573.0,0.0
2_39_79_382_2019-02-19 16:37:47.720000,,,,,,,,,,,,,,,,,no_event_long_charging,,568.0,0.0
2_39_78_364_2019-07-24 17:04:42.411176,,,,,,,,,,,,,,,,,no_event_long_charging,,567.0,0.0
2_39_79_381_2019-02-25 01:56:51.194112,,,,,,,,,,,,,,,,,no_event_long_charging,,561.0,0.0
2_39_78_364_2019-02-12 18:48:13.706276,,,,,,,,,,,,,,,,,no_event_long_charging,,557.0,0.0
2_39_79_382_2018-12-18 16:55:00.127200,,,,,,,,,,,,,,,,,no_event_long_charging,,555.0,0.0
2_39_79_380_2019-04-19 14:55:13.617948,,,,,,,,,,,,,,,,,no_event_long_charging,,555.0,0.0
2_39_78_365_2019-01-07 15:15:40.248727,,,,,,,,,,,,,,,,,no_event_long_charging,,554.0,0.0
