pool_id,site,garage,station,gold
caltech__California_Garage_01,caltech,California_Garage_01,2-39-123-23,True
caltech__California_Garage_01,caltech,California_Garage_01,2-39-123-557,True
caltech__California_Garage_01,caltech,California_Garage_01,2-39-124-22,True
caltech__California_Garage_01,caltech,California_Garage_01,2-39-124-558,True
caltech__California_Garage_01,caltech,California_Garage_01,2-39-125-21,True
caltech__California_Garage_01,caltech,California_Garage_01,2-39-125-559,True
caltech__California_Garage_01,caltech,California_Garage_01,2-39-126-20,True
caltech__California_Garage_01,caltech,California_Garage_01,2-39-126-560,True
caltech__California_Garage_01,caltech,California_Garage_01,2-39-127-19,True
caltech__California_Garage_01,caltech,California_Garage_01,2-39-127-561,True
caltech__California_Garage_01,caltech,California_Garage_01,2-39-128-18,True
caltech__California_Garage_01,caltech,California_Garage_01,2-39-128-562,True
caltech__California_Garage_01,caltech,California_Garage_01,2-39-129-17,True
caltech__California_Garage_01,caltech,California_Garage_01,2-39-129-563,True
caltech__California_Garage_01,caltech,California_Garage_01,2-39-130-31,True
caltech__California_Garage_01,caltech,California_Garage_01,2-39-130-564,True
caltech__California_Garage_01,caltech,California_Garage_01,2-39-131-30,True
caltech__California_Garage_01,caltech,California_Garage_01,2-39-131-565,True
caltech__California_Garage_01,caltech,California_Garage_01,2-39-138-29,True
caltech__California_Garage_01,caltech,California_Garage_01,2-39-138-566,True
caltech__California_Garage_01,caltech,California_Garage_01,2-39-139-28,True
caltech__California_Garage_01,caltech,California_Garage_01,2-39-139-567,True
caltech__California_Garage_01,caltech,California_Garage_01,2-39-78-360,True
caltech__California_Garage_01,caltech,California_Garage_01,2-39-78-361,True
caltech__California_Garage_01,caltech,California_Garage_01,2-39-78-362,True
caltech__California_Garage_01,caltech,California_Garage_01,2-39-78-363,True
caltech__California_Garage_01,caltech,California_Garage_01,2-39-78-364,True
caltech__California_Garage_01,caltech,California_Garage_01,2-39-78-365,True
caltech__California_Garage_01,caltech,California_Garage_01,2-39-78-366,True
caltech__California_Garage_01,caltech,California_Garage_01,2-39-78-367,True
caltech__California_Garage_01,caltech,California_Garage_01,2-39-79-376,True
caltech__California_Garage_01,caltech,California_Garage_01,2-39-79-377,True
caltech__California_Garage_01,caltech,California_Garage_01,2-39-79-378,True
caltech__California_Garage_01,caltech,California_Garage_01,2-39-79-379,True
caltech__California_Garage_01,caltech,California_Garage_01,2-39-79-380,True
caltech__California_Garage_01,caltech,California_Garage_01,2-39-79-381,True
caltech__California_Garage_01,caltech,California_Garage_01,2-39-79-382,True
caltech__California_Garage_01,caltech,California_Garage_01,2-39-79-383,True
caltech__California_Garage_01,caltech,California_Garage_01,2-39-81-4550,True
caltech__California_Garage_01,caltech,California_Garage_01,2-39-82-384,True
caltech__California_Garage_01,caltech,California_Garage_01,2-39-82-385,True
caltech__California_Garage_01,caltech,California_Garage_01,2-39-83-386,True
caltech__California_Garage_01,caltech,California_Garage_01,2-39-83-387,True
caltech__California_Garage_01,caltech,California_Garage_01,2-39-88-24,True
caltech__California_Garage_01,caltech,California_Garage_01,2-39-88-438,True
caltech__California_Garage_01,caltech,California_Garage_01,2-39-89-25,True
caltech__California_Garage_01,caltech,California_Garage_01,2-39-89-439,True
caltech__California_Garage_01,caltech,California_Garage_01,2-39-90-26,True
caltech__California_Garage_01,caltech,California_Garage_01,2-39-90-440,True
caltech__California_Garage_01,caltech,California_Garage_01,2-39-91-437,True
caltech__California_Garage_01,caltech,California_Garage_01,2-39-91-441,True
caltech__California_Garage_01,caltech,California_Garage_01,2-39-92-436,True
caltech__California_Garage_01,caltech,California_Garage_01,2-39-92-442,True
caltech__California_Garage_01,caltech,California_Garage_01,2-39-95-27,True
caltech__California_Garage_01,caltech,California_Garage_01,2-39-95-444,True
jpl__Arroyo_Garage_01,jpl,Arroyo_Garage_01,1-1-178-817,True
jpl__Arroyo_Garage_01,jpl,Arroyo_Garage_01,1-1-178-823,True
jpl__Arroyo_Garage_01,jpl,Arroyo_Garage_01,1-1-178-824,True
jpl__Arroyo_Garage_01,jpl,Arroyo_Garage_01,1-1-178-828,True
jpl__Arroyo_Garage_01,jpl,Arroyo_Garage_01,1-1-179-777,True
jpl__Arroyo_Garage_01,jpl,Arroyo_Garage_01,1-1-179-779,True
jpl__Arroyo_Garage_01,jpl,Arroyo_Garage_01,1-1-179-781,True
jpl__Arroyo_Garage_01,jpl,Arroyo_Garage_01,1-1-179-783,True
jpl__Arroyo_Garage_01,jpl,Arroyo_Garage_01,1-1-179-787,True
jpl__Arroyo_Garage_01,jpl,Arroyo_Garage_01,1-1-179-788,True
jpl__Arroyo_Garage_01,jpl,Arroyo_Garage_01,1-1-179-790,True
jpl__Arroyo_Garage_01,jpl,Arroyo_Garage_01,1-1-179-791,True
jpl__Arroyo_Garage_01,jpl,Arroyo_Garage_01,1-1-179-794,True
jpl__Arroyo_Garage_01,jpl,Arroyo_Garage_01,1-1-179-796,True
jpl__Arroyo_Garage_01,jpl,Arroyo_Garage_01,1-1-179-797,True
jpl__Arroyo_Garage_01,jpl,Arroyo_Garage_01,1-1-179-798,True
jpl__Arroyo_Garage_01,jpl,Arroyo_Garage_01,1-1-179-799,True
jpl__Arroyo_Garage_01,jpl,Arroyo_Garage_01,1-1-179-800,True
jpl__Arroyo_Garage_01,jpl,Arroyo_Garage_01,1-1-179-801,True
jpl__Arroyo_Garage_01,jpl,Arroyo_Garage_01,1-1-179-809,True
jpl__Arroyo_Garage_01,jpl,Arroyo_Garage_01,1-1-179-810,True
jpl__Arroyo_Garage_01,jpl,Arroyo_Garage_01,1-1-179-813,True
jpl__Arroyo_Garage_01,jpl,Arroyo_Garage_01,1-1-179-815,True
jpl__Arroyo_Garage_01,jpl,Arroyo_Garage_01,1-1-191-778,True
jpl__Arroyo_Garage_01,jpl,Arroyo_Garage_01,1-1-191-780,True
jpl__Arroyo_Garage_01,jpl,Arroyo_Garage_01,1-1-191-782,True
jpl__Arroyo_Garage_01,jpl,Arroyo_Garage_01,1-1-191-784,True
jpl__Arroyo_Garage_01,jpl,Arroyo_Garage_01,1-1-191-785,True
jpl__Arroyo_Garage_01,jpl,Arroyo_Garage_01,1-1-191-786,True
jpl__Arroyo_Garage_01,jpl,Arroyo_Garage_01,1-1-191-789,True
jpl__Arroyo_Garage_01,jpl,Arroyo_Garage_01,1-1-191-792,True
jpl__Arroyo_Garage_01,jpl,Arroyo_Garage_01,1-1-191-793,True
jpl__Arroyo_Garage_01,jpl,Arroyo_Garage_01,1-1-191-795,True
jpl__Arroyo_Garage_01,jpl,Arroyo_Garage_01,1-1-191-802,True
jpl__Arroyo_Garage_01,jpl,Arroyo_Garage_01,1-1-191-803,True
jpl__Arroyo_Garage_01,jpl,Arroyo_Garage_01,1-1-191-804,True
jpl__Arroyo_Garage_01,jpl,Arroyo_Garage_01,1-1-191-805,True
jpl__Arroyo_Garage_01,jpl,Arroyo_Garage_01,1-1-191-806,True
jpl__Arroyo_Garage_01,jpl,Arroyo_Garage_01,1-1-191-807,True
jpl__Arroyo_Garage_01,jpl,Arroyo_Garage_01,1-1-191-808,True
jpl__Arroyo_Garage_01,jpl,Arroyo_Garage_01,1-1-191-811,True
jpl__Arroyo_Garage_01,jpl,Arroyo_Garage_01,1-1-191-812,True
jpl__Arroyo_Garage_01,jpl,Arroyo_Garage_01,1-1-193-816,True
jpl__Arroyo_Garage_01,jpl,Arroyo_Garage_01,1-1-193-819,True
jpl__Arroyo_Garage_01,jpl,Arroyo_Garage_01,1-1-193-820,True
jpl__Arroyo_Garage_01,jpl,Arroyo_Garage_01,1-1-193-825,True
jpl__Arroyo_Garage_01,jpl,Arroyo_Garage_01,1-1-193-827,True
jpl__Arroyo_Garage_01,jpl,Arroyo_Garage_01,1-1-193-829,True
jpl__Arroyo_Garage_01,jpl,Arroyo_Garage_01,1-1-194-818,True
jpl__Arroyo_Garage_01,jpl,Arroyo_Garage_01,1-1-194-821,True
jpl__Arroyo_Garage_01,jpl,Arroyo_Garage_01,1-1-194-822,True
jpl__Arroyo_Garage_01,jpl,Arroyo_Garage_01,1-1-194-826,True
office001__Parking_Lot_01,office001,Parking_Lot_01,19-102-260-1633,True
office001__Parking_Lot_01,office001,Parking_Lot_01,19-102-260-1634,True
office001__Parking_Lot_01,office001,Parking_Lot_01,19-102-260-1635,True
office001__Parking_Lot_01,office001,Parking_Lot_01,19-102-260-1636,True
office001__Parking_Lot_01,office001,Parking_Lot_01,19-102-260-1637,True
office001__Parking_Lot_01,office001,Parking_Lot_01,19-102-260-1638,True
office001__Parking_Lot_01,office001,Parking_Lot_01,19-102-260-1639,True
office001__Parking_Lot_01,office001,Parking_Lot_01,19-102-260-1640,True
